,GEOID,StateName,CountyName,TractName,ALAND,AWATER,N_Adders,IRA_ec,Brownfield,IRA_LIC_C1,IRA_LIC_TL,HUD_Count,IRA_LIC_AS,IRA_CEJST,Com_npv_map,NPV_com_na,NPV_com_st,NPV_com_m,PB_com_na,PB_com_m,Res_npv_map,NPV_res_na,NPV_res_st,NPV_res_m,PB_res_na,PB_res_m,Total_Pop,P_Hispanic,P_nh_Black,P_nh_White,P_nh_Asian,P_nh_Native,P_nh_Other,Median_inc,P_Poverty,P_OwnerOcc,SVI,GOV1_count,GOV1_kW_ca,GOV1_kWh_p,GOV2_count,GOV2_kW_ca,GOV2_kWh_p,EDU1_count,EDU1_kW_ca,EDU1_kWh_p,EDU2_count,EDU2_kW_ca,EDU2_kWh_p
403,9110416500, Connecticut, Capitol Planning Region,Census Tract 4165,3104118,0,1,0,1,100,0,2,0,0,Middle third,45,3,9661.516,63,15.317,Upper third,89,0,3823.465,11,10.327,4404,46.28,5.99,40.85,0.36,0,6.52,60914,12.1,62.9,86.7,8,0,1116,0,0,0,1,10,12374,0,0,0
404,9110462102, Connecticut, Capitol Planning Region,Census Tract 4621.02,11381844,307053,0,0,1,0,0,1,0,0,Middle third,45,3,9661.516,63,15.317,Upper third,89,0,3823.465,11,10.327,4411,4.44,1.97,73.82,17.77,0,2,"250,000+",3.3,92.9,0.7,33,38,47510,0,0,0,0,0,0,0,0,0
405,9140405500, Connecticut, Naugatuck Valley Planning Region,Census Tract 4055,8386618,84102,1,0,1,100,0,1,0,0,Middle third,45,3,9661.516,63,15.317,Upper third,89,0,3823.465,11,10.327,5449,21.49,1.52,69.1,1.65,0,6.24,81953,9.3,64.3,55.9,9,172,211541,0,0,0,2,0,0,0,0,0
406,9110464101, Connecticut, Capitol Planning Region,Census Tract 4641.01,52828108,50838,0,0,1,0,0,1,0,0,Middle third,45,3,9661.516,63,15.317,Upper third,89,0,3823.465,11,10.327,5495,3.35,0,92.68,0.45,0,3.51,148167,4.2,98.2,0.8,19,439,539272,0,0,0,5,591,724814,0,0,0
407,9110473502, Connecticut, Capitol Planning Region,Census Tract 4735.02,13941196,130592,0,0,1,0,0,1,0,0,Middle third,45,3,9661.516,63,15.317,Upper third,89,0,3823.465,11,10.327,3339,15.54,16.71,54.93,2.25,1.02,9.55,101108,8.7,88.1,34.7,8,969,1188933,0,0,0,5,408,500493,0,0,0
408,9110500100, Connecticut, Capitol Planning Region,Census Tract 5001,403498,0,1,0,1,100,0,1,100,100,Middle third,45,3,9661.516,63,15.317,Upper third,89,0,3823.465,11,10.327,3329,71.94,11.5,10.6,4.15,0,1.8,30900,37.2,17.7,95.5,7,83,102760,0,0,0,2,150,184107,0,0,0
409,9110501800, Connecticut, Capitol Planning Region,Census Tract 5018,512933,0,1,0,2,100,0,4,100,100,Middle third,45,3,9661.516,63,15.317,Upper third,89,0,3823.465,11,10.327,2635,48.01,48.96,1.4,1.63,0,0,25304,48.2,7.2,98.4,22,241,296187,0,0,0,0,0,0,0,0,0
410,9110510600, Connecticut, Capitol Planning Region,Census Tract 5106,7020639,283703,1,0,4,100,0,2,100,97.53,Middle third,45,3,9661.516,63,15.317,Upper third,89,0,3823.465,11,10.327,5060,32.57,41.19,20.28,4.03,0,1.94,41357,17.6,43.7,94.9,11,655,803365,0,0,0,6,426,522581,0,0,0
411,9110515102, Connecticut, Capitol Planning Region,Census Tract 5151.02,14425579,106416,1,0,1,100,0,1,0,0,Middle third,45,3,9661.516,63,15.317,Upper third,89,0,3823.465,11,10.327,5982,8.51,10.41,53.38,18.89,1.14,7.67,87955,13.8,54.8,56.3,47,1695,2079299,1,131,160989,3,2303,2825478,0,0,0
412,9160330100, Connecticut, Northwest Hills Planning Region,Census Tract 3301,85456173,3932194,0,0,1,0,0,1,0,0,Middle third,45,3,9661.516,63,15.317,Upper third,89,0,3823.465,11,10.327,1806,4.37,0.17,92.03,0,0,3.43,111429,3.3,90.7,5.2,1,0,0,0,0,0,2,314,386144,0,0,0
413,9110400200, Connecticut, Capitol Planning Region,Census Tract 4002,32961529,937785,0,0,1,0,0,1,0,0,Middle third,45,3,9661.516,63,15.317,Upper third,89,0,3823.465,11,10.327,6250,3.63,0.94,87.42,4.62,0,3.38,148514,3.1,87.1,10.5,53,437,536635,1,18,23056,1,180,221769,0,0,0
414,9110497100, Connecticut, Capitol Planning Region,Census Tract 4971,1340638,0,0,0,1,0,0,1,0,0,Middle third,45,3,9661.516,63,15.317,Upper third,89,0,3823.465,11,10.327,4066,9.89,14.66,70.12,2.21,0,3.12,79375,10.7,41.4,59.1,3,282,346359,0,0,0,3,557,684282,0,0,0
415,9140405100, Connecticut, Naugatuck Valley Planning Region,Census Tract 4051,2590234,8291,1,0,1,100,0,1,0,0,Middle third,45,3,9661.516,63,15.317,Upper third,89,0,3823.465,11,10.327,3222,22.25,11.02,62.29,0.5,0,3.94,73203,4.8,58.6,39.4,4,44,54525,0,0,0,1,122,150234,0,0,0
416,9140405300, Connecticut, Naugatuck Valley Planning Region,Census Tract 4053,3493296,0,0,0,1,0,0,3,0,0,Middle third,45,3,9661.516,63,15.317,Upper third,89,0,3823.465,11,10.327,5857,21.5,2.51,71.08,3.28,0.22,1.42,88574,5.5,72.7,48,4,469,575991,0,0,0,1,15,18678,0,0,0
417,9140406100, Connecticut, Naugatuck Valley Planning Region,Census Tract 4061,1800158,4983,1,0,5,100,0,1,0,99.87,Middle third,45,3,9661.516,63,15.317,Upper third,89,0,3823.465,11,10.327,4524,39.43,17,38.31,1.66,0.22,3.38,51214,23,12.1,98.8,22,1256,1541106,1,16,20750,6,692,849318,0,0,0
418,9110496400, Connecticut, Capitol Planning Region,Census Tract 4964,2858536,0,0,0,1,0,0,1,0,0,Middle third,45,3,9661.516,63,15.317,Upper third,89,0,3823.465,11,10.327,2940,6.46,4.18,79.49,5.71,0,4.15,172356,2.8,90,13.4,5,26,32744,0,0,0,4,2082,2553573,0,0,0
419,9110496500, Connecticut, Capitol Planning Region,Census Tract 4965,1366986,0,0,0,1,0,0,1,0,0,Middle third,45,3,9661.516,63,15.317,Upper third,89,0,3823.465,11,10.327,2782,7.44,0.97,84.4,5.93,0,1.26,149050,1.2,70.5,5.6,5,409,502137,0,0,0,4,990,1215092,0,0,0
420,9110496600, Connecticut, Capitol Planning Region,Census Tract 4966,3221755,246578,0,0,1,0,0,1,0,0,Middle third,45,3,9661.516,63,15.317,Upper third,89,0,3823.465,11,10.327,2819,5.78,0.96,85.46,3.26,0,4.54,177713,1.9,95.9,12,6,235,289111,0,0,0,2,481,590217,0,0,0
421,9110496700, Connecticut, Capitol Planning Region,Census Tract 4967,1327889,0,1,0,1,100,0,1,0,0,Middle third,45,3,9661.516,63,15.317,Upper third,89,0,3823.465,11,10.327,3959,19.7,13.06,59.06,4.17,0,4.02,91968,13.3,39.1,50.4,0,0,0,0,0,0,2,348,427351,0,0,0
422,9110468101, Connecticut, Capitol Planning Region,Census Tract 4681.01,85313993,248525,0,0,1,0,0,2,0,0,Middle third,45,3,9661.516,63,15.317,Upper third,89,0,3823.465,11,10.327,7066,2.55,0.78,91.38,2.11,0,3.18,128333,1.6,95.6,4,43,1140,1398574,0,0,0,4,678,831609,0,0,0
423,9110466102, Connecticut, Capitol Planning Region,Census Tract 4661.02,11563563,29770,0,0,1,0,0,1,0,0,Middle third,45,3,9661.516,63,15.317,Upper third,89,0,3823.465,11,10.327,5182,11.81,1.97,74.7,5.27,0,6.25,146467,2,75.3,20.3,8,0,0,0,0,0,3,332,407704,0,0,0
424,9110487400, Connecticut, Capitol Planning Region,Census Tract 4874,13307944,74529,0,0,1,0,0,1,0,0,Middle third,45,3,9661.516,63,15.317,Upper third,89,0,3823.465,11,10.327,2587,5.84,3.56,66.06,22.15,0,2.4,144141,5.7,90.2,13,13,677,831437,1,588,721294,2,179,220469,0,0,0
425,9110471300, Connecticut, Capitol Planning Region,Census Tract 4713,8818468,15251,0,0,1,0,0,2,0,0,Middle third,45,3,9661.516,63,15.317,Upper third,89,0,3823.465,11,10.327,5060,3.91,64.88,29.51,1.19,0,0.51,86335,5.6,60.8,38.4,7,530,650384,2,252,309163,10,1073,1316331,0,0,0
426,9110460302, Connecticut, Capitol Planning Region,Census Tract 4603.02,5670457,155793,0,0,1,0,0,3,0,0,Middle third,45,3,9661.516,63,15.317,Upper third,89,0,3823.465,11,10.327,3889,7.48,1.18,81.92,6.94,0.26,2.21,107188,4.7,77.5,33.5,1,162,198676,1,42,52207,3,485,595956,0,0,0
427,9110430202, Connecticut, Capitol Planning Region,Census Tract 4302.02,16291943,1424290,0,0,1,0,0,1,0,0,Middle third,45,3,9661.516,63,15.317,Upper third,89,0,3823.465,11,10.327,4697,12.43,0.02,81.84,2.3,0,3.41,142137,1.5,97.2,3.1,30,871,1068930,0,0,0,3,644,790561,0,0,0
428,9110430400, Connecticut, Capitol Planning Region,Census Tract 4304,9973390,24419,0,0,1,0,0,1,0,0,Middle third,45,3,9661.516,63,15.317,Upper third,89,0,3823.465,11,10.327,5080,5.51,3.88,77.52,7.5,0,5.59,105245,12.9,71.4,53.3,33,741,909277,0,0,0,4,1061,1302093,0,0,0
429,9110462101, Connecticut, Capitol Planning Region,Census Tract 4621.01,10735588,122210,0,0,1,0,0,1,0,0,Middle third,45,3,9661.516,63,15.317,Upper third,89,0,3823.465,11,10.327,6328,6.7,1.45,73.99,14.52,0,3.33,126471,5.5,91.8,11.3,10,1166,1430583,0,0,0,3,681,835632,0,0,0
430,9110470100, Connecticut, Capitol Planning Region,Census Tract 4701,43079693,261880,0,0,1,0,0,1,0,0,Middle third,45,3,9661.516,63,15.317,Upper third,89,0,3823.465,11,10.327,5198,4.83,4.75,78.32,3.69,0,8.41,107478,2.8,81.4,23.6,25,1520,1865084,2,19,24209,10,836,1025343,0,0,0
431,9110484100, Connecticut, Capitol Planning Region,Census Tract 4841,33516493,1297022,0,0,1,0,0,1,0,0,Middle third,45,3,9661.516,63,15.317,Upper third,89,0,3823.465,11,10.327,5389,6.61,3.01,70.59,11.04,0.39,8.37,80732,2.8,67.9,51.9,38,2093,2567051,2,206,253852,5,1503,1843450,0,0,0
432,9110520501, Connecticut, Capitol Planning Region,Census Tract 5205.01,18720481,550038,0,0,1,0,0,1,0,0,Middle third,45,3,9661.516,63,15.317,Upper third,89,0,3823.465,11,10.327,4587,5.93,0.68,87.38,4.19,0.74,1.09,173362,3.7,93.1,5.8,22,789,967690,0,0,0,2,257,316325,0,0,0
433,9110468102, Connecticut, Capitol Planning Region,Census Tract 4681.02,20183713,102834,0,0,1,0,0,1,0,0,Middle third,45,3,9661.516,63,15.317,Upper third,89,0,3823.465,11,10.327,3906,2.84,1.23,93.8,0.56,0,1.56,97634,6.3,84.1,12.3,30,886,1087363,1,70,86547,4,663,814280,0,0,0
434,9110466300, Connecticut, Capitol Planning Region,Census Tract 4663,10488932,235396,0,0,1,0,0,1,0,0,Middle third,45,3,9661.516,63,15.317,Upper third,89,0,3823.465,11,10.327,4712,8.13,0.32,88.73,1.61,0,1.21,147981,6.9,77.4,9.9,26,420,515198,2,194,238657,7,1883,2310231,0,0,0
435,9110481000, Connecticut, Capitol Planning Region,Census Tract 4810,19441820,15152,0,0,1,0,0,1,0,0,Middle third,45,3,9661.516,63,15.317,Upper third,89,0,3823.465,11,10.327,3803,1.45,7.86,80.31,1.42,0,8.97,142639,2.3,97.8,10.7,,,,,,,,,,,,
436,9110481100, Connecticut, Capitol Planning Region,Census Tract 4811,5747597,0,0,0,1,0,0,1,0,0,Middle third,45,3,9661.516,63,15.317,Upper third,89,0,3823.465,11,10.327,3703,21.23,2.13,74.8,0,0.3,1.54,91996,5.5,86.2,13.5,5,2941,3607848,2,2364,2900043,3,1560,1913380,0,0,0
437,9110460202, Connecticut, Capitol Planning Region,Census Tract 4602.02,20190010,153041,0,0,1,0,0,1,0,0,Middle third,45,3,9661.516,63,15.317,Upper third,89,0,3823.465,11,10.327,4902,8.71,2.35,67.38,18.01,0,3.55,116384,10.6,65.4,23.4,29,434,532944,0,0,0,4,290,356293,0,0,0
438,9110501400, Connecticut, Capitol Planning Region,Census Tract 5014,370001,0,1,0,1,100,0,4,100,100,Middle third,45,3,9661.516,63,15.317,Upper third,89,0,3823.465,11,10.327,2203,29.55,61.14,0.68,1.68,0,6.95,23711,35.6,11.1,93.4,10,387,475757,0,0,0,3,494,606651,0,0,0
439,9110473501, Connecticut, Capitol Planning Region,Census Tract 4735.01,24830346,1240362,0,0,1,0,0,1,0,0,Middle third,45,3,9661.516,63,15.317,Upper third,89,0,3823.465,11,10.327,4724,13.38,22.42,54.97,5.36,0.02,3.85,119773,1.9,93,16.4,15,643,789225,0,0,0,0,0,0,0,0,0
440,9110476100, Connecticut, Capitol Planning Region,Census Tract 4761,6353713,884319,0,0,1,0,0,1,0,0,Middle third,45,3,9661.516,63,15.317,Upper third,89,0,3823.465,11,10.327,4546,5.19,11.44,73.69,5.35,0,4.33,71671,5.4,77.9,17.1,83,1590,1950773,1,21,26048,2,435,534698,0,0,0
441,9110420700, Connecticut, Capitol Planning Region,Census Tract 4207,9168405,4369,0,0,1,10,0,1,0,0,Middle third,45,3,9661.516,63,15.317,Upper third,89,0,3823.465,11,10.327,3441,7.93,2.3,84.48,1.19,0,4.1,101250,6.9,79.8,16.1,8,125,154440,0,0,0,0,0,0,0,0,0
442,9110430301, Connecticut, Capitol Planning Region,Census Tract 4303.01,9302188,63467,0,0,1,0,0,1,0,0,Middle third,45,3,9661.516,63,15.317,Upper third,89,0,3823.465,11,10.327,3859,1.55,0.75,90.85,5.57,0,1.27,151875,2.3,91.3,5.4,32,27,33652,0,0,0,0,0,0,0,0,0
443,9110471400, Connecticut, Capitol Planning Region,Census Tract 4714,33448072,373023,0,0,1,0,0,1,0,0,Middle third,45,3,9661.516,63,15.317,Upper third,89,0,3823.465,11,10.327,5801,9.58,24.19,57.96,5.74,0,2.53,119003,7,82.2,41.6,5,0,0,1,26,32536,0,0,0,0,0,0
444,9140405900, Connecticut, Naugatuck Valley Planning Region,Census Tract 4059,5300513,12334,0,0,1,0,0,1,0,0,Middle third,45,3,9661.516,63,15.317,Upper third,89,0,3823.465,11,10.327,5011,9.76,17.3,68.55,0,0,4.39,125781,4.1,85.6,36.6,2,5,6708,0,0,0,2,1365,1674305,0,0,0
445,9110476300, Connecticut, Capitol Planning Region,Census Tract 4763,9198687,0,0,0,1,0,0,1,0,0,Middle third,45,3,9661.516,63,15.317,Upper third,89,0,3823.465,11,10.327,5265,11.45,4.54,66.29,9.48,0,8.24,97000,11.5,77.5,35.5,10,1703,2089282,0,0,0,3,71,87111,0,0,0
446,9140406001, Connecticut, Naugatuck Valley Planning Region,Census Tract 4060.01,4260134,0,1,0,1,100,0,2,0,0,Middle third,45,3,9661.516,63,15.317,Upper third,89,0,3823.465,11,10.327,4010,28.98,2.12,55.64,5.71,0,7.56,65433,12.5,48.6,75.3,24,490,601254,0,0,0,3,315,387223,0,0,0
447,9110496800, Connecticut, Capitol Planning Region,Census Tract 4968,1410493,0,1,0,1,100,0,1,0,0,Middle third,45,3,9661.516,63,15.317,Upper third,89,0,3823.465,11,10.327,3645,39.62,12.46,37.26,2.66,0,8.01,87922,9.5,66,42,9,19,23878,0,0,0,1,14,17586,0,0,0
448,9110496900, Connecticut, Capitol Planning Region,Census Tract 4969,2142871,0,1,0,1,100,0,1,0,0.01,Middle third,45,3,9661.516,63,15.317,Upper third,89,0,3823.465,11,10.327,5841,15.39,8.05,66.38,5.92,0.26,4.01,101250,9.3,37.7,46.2,13,2417,2965337,0,0,0,6,876,1075086,0,0,0
449,9110497000, Connecticut, Capitol Planning Region,Census Tract 4970,2407403,0,0,0,1,0,0,1,0,0,Middle third,45,3,9661.516,63,15.317,Upper third,89,0,3823.465,11,10.327,4439,8.7,4.08,81.01,2,0,4.21,190952,2.1,93.9,6.6,5,5,6708,0,0,0,0,0,0,0,0,0
450,9110497200, Connecticut, Capitol Planning Region,Census Tract 4972,1798314,0,0,0,1,0,0,1,0,0,Middle third,45,3,9661.516,63,15.317,Upper third,89,0,3823.465,11,10.327,2366,3.42,7.57,80.56,4.65,0.72,3.09,131154,2.6,58.3,42.1,1,0,0,0,0,0,1,162,199584,0,0,0
451,9110502100, Connecticut, Capitol Planning Region,Census Tract 5021,2238024,316993,0,0,21,0,0,1,0,0.3,Middle third,45,3,9661.516,63,15.317,Upper third,89,0,3823.465,11,10.327,2745,20.44,11.73,46.01,17.3,0,4.52,77623,15.3,9.2,57.1,96,12319,15108279,3,1324,1624526,9,4253,5216296,0,0,0
452,9190205100, Connecticut, Western Connecticut Planning Region,Census Tract 2051,9556780,518305,1,100,1,0,0,1,0,0,Middle third,44,2,8823.047,70,15.967,Upper third,95,4,7913.296,9,9.224,4553,9.31,2.28,77.2,3.21,0.81,7.18,114773,6.8,86.9,13.1,22,189,232096,0,0,0,3,452,555399,0,0,0
453,9190210900, Connecticut, Western Connecticut Planning Region,Census Tract 2109,12781488,185296,1,100,1,0,0,1,0,0,Middle third,44,2,8823.047,70,15.967,Upper third,95,4,7913.296,9,9.224,5275,15.81,1.38,72.82,5.84,0.32,3.83,127019,2.9,76.8,18.4,23,530,650543,1,41,51472,4,599,735533,0,0,0
454,9190042500, Connecticut, Western Connecticut Planning Region,Census Tract 425,6252677,38740,1,100,1,0,0,1,0,0,Middle third,44,2,8823.047,70,15.967,Upper third,95,4,7913.296,9,9.224,3319,4.97,16.57,73.94,0.84,0,3.68,148088,2.4,76.9,13.1,14,359,441111,0,0,0,2,1163,1427419,0,0,0
455,9120105100, Connecticut, Greater Bridgeport Planning Region,Census Tract 1051,31856125,1290889,1,100,1,0,0,1,0,0,Middle third,44,2,8823.047,70,15.967,Upper third,95,4,7913.296,9,9.224,4096,1.12,0.1,89.31,3.1,0,6.37,180000,1.4,90.8,1.3,2,27,33480,1,0,0,6,1505,1846713,0,0,0
456,9120060400, Connecticut, Greater Bridgeport Planning Region,Census Tract 604,22385495,0,1,100,1,0,0,1,0,0,Middle third,44,2,8823.047,70,15.967,Upper third,95,4,7913.296,9,9.224,5208,1.36,0.12,95.56,1.9,0,1.06,"250,000+",1.7,98,1.8,9,38,47069,0,0,0,5,558,685422,0,0,0
457,9190050500, Connecticut, Western Connecticut Planning Region,Census Tract 505,6757886,2310469,1,100,1,0,0,1,0,0,Middle third,44,2,8823.047,70,15.967,Upper third,95,4,7913.296,9,9.224,5267,4.16,6.3,79.15,3.09,0,7.29,215250,5.7,87.7,18.9,31,566,695062,2,18,22406,5,397,487444,0,0,0
458,9190010102, Connecticut, Western Connecticut Planning Region,Census Tract 101.02,32619575,1449252,1,100,1,0,0,1,0,0,Middle third,44,2,8823.047,70,15.967,Upper third,95,4,7913.296,9,9.224,4097,3.37,4.81,83.45,2.34,0,6.03,"250,000+",1.4,89.6,2,0,0,0,1,0,0,3,429,526137,0,0,0
459,9120060200, Connecticut, Greater Bridgeport Planning Region,Census Tract 602,4201169,11817,1,100,1,0,0,1,0,0,Middle third,44,2,8823.047,70,15.967,Upper third,95,4,7913.296,9,9.224,4325,4.97,0.3,86.94,6.45,0,1.34,113375,3.7,92.7,14.2,3,350,430282,0,0,0,6,478,586918,0,0,0
460,9190240200, Connecticut, Western Connecticut Planning Region,Census Tract 2402,47130890,1181866,1,100,1,0,0,1,0,0,Middle third,44,2,8823.047,70,15.967,Upper third,95,4,7913.296,9,9.224,4326,5.32,0,86.66,2.66,0.3,5.06,175589,3.7,93.2,3,39,1009,1237940,2,35,43856,6,684,839985,0,0,0
461,9190205300, Connecticut, Western Connecticut Planning Region,Census Tract 2053,16623797,0,1,100,1,0,0,1,0,0,Middle third,44,2,8823.047,70,15.967,Upper third,95,4,7913.296,9,9.224,6067,9.59,4.57,75.56,5.49,0,4.8,129030,7.3,73.1,40.4,36,2488,3052055,3,856,1050031,18,3106,3809517,0,0,0
462,9120081000, Connecticut, Greater Bridgeport Planning Region,Census Tract 810,2795938,0,2,100,1,100,0,1,0,0,Middle third,44,2,8823.047,70,15.967,Upper third,95,4,7913.296,9,9.224,4790,12.36,8.56,72.84,1.13,0,5.11,89605,7.2,94.1,50.2,5,5,6708,0,0,0,1,621,761999,0,0,0
463,9190220200, Connecticut, Western Connecticut Planning Region,Census Tract 2202,30724448,506361,1,100,1,0,0,1,0,0,Middle third,44,2,8823.047,70,15.967,Upper third,95,4,7913.296,9,9.224,4653,10.44,0.34,82.12,1.96,0,5.14,144207,2.8,94.3,8.4,27,239,293980,1,26,32487,1,0,0,0,0,0
464,9190230400, Connecticut, Western Connecticut Planning Region,Census Tract 2304,35422556,58143,1,100,1,0,0,1,0,0,Middle third,44,2,8823.047,70,15.967,Upper third,95,4,7913.296,9,9.224,6045,11.43,2.15,80.26,1.37,0,4.78,163929,3.3,94.8,11,17,15,19107,1,27,34081,8,773,948902,0,0,0
465,9190245400, Connecticut, Western Connecticut Planning Region,Census Tract 2454,12763582,25832,1,100,1,0,0,1,0,0,Middle third,44,2,8823.047,70,15.967,Upper third,95,4,7913.296,9,9.224,3435,11.06,7.34,79.56,1.14,0,0.9,185370,1.7,92,1,27,0,0,0,0,0,2,53,65857,0,0,0
466,9120100200, Connecticut, Greater Bridgeport Planning Region,Census Tract 1002,16376641,66768,1,100,1,0,0,1,0,0,Middle third,44,2,8823.047,70,15.967,Upper third,95,4,7913.296,9,9.224,6818,3.29,2.74,88.05,2.29,0,3.64,144826,3.7,98.5,6.5,29,532,653327,2,161,197671,5,558,685484,0,0,0
467,9120090100, Connecticut, Greater Bridgeport Planning Region,Census Tract 901,8551041,87362,1,100,1,0,0,1,0,0,Middle third,44,2,8823.047,70,15.967,Upper third,95,4,7913.296,9,9.224,3058,3.27,2.42,77.96,11.51,3.01,1.83,159342,7.2,94.6,38.5,3,259,318299,0,0,0,4,85,104599,0,0,0
468,9190055200, Connecticut, Western Connecticut Planning Region,Census Tract 552,16574870,124329,1,100,1,0,0,1,0,0,Middle third,44,2,8823.047,70,15.967,Upper third,95,4,7913.296,9,9.224,4427,6.73,4.63,76.58,5.76,0.2,6.1,"250,000+",1.8,96.8,1,7,125,153851,1,0,0,3,133,163773,0,0,0
469,9190045400, Connecticut, Western Connecticut Planning Region,Census Tract 454,7692428,36965,1,100,1,0,0,1,0,0,Middle third,44,2,8823.047,70,15.967,Upper third,95,4,7913.296,9,9.224,2914,3.57,4.12,80.61,8.06,0,3.64,220625,4.4,85.4,4.1,5,0,0,0,0,0,1,335,411518,0,0,0
470,9190035400, Connecticut, Western Connecticut Planning Region,Census Tract 354,20091019,282909,1,100,1,0,0,1,0,0,Middle third,44,2,8823.047,70,15.967,Upper third,95,4,7913.296,9,9.224,5653,3.71,1.65,86.11,3.91,0.11,4.51,"250,000+",2.3,96.8,5.2,1,411,505092,0,0,0,1,528,647845,0,0,0
471,9190042800, Connecticut, Western Connecticut Planning Region,Census Tract 428,2440480,20942,1,100,1,0,0,1,0,0,Middle third,44,2,8823.047,70,15.967,Upper third,95,4,7913.296,9,9.224,4909,17.42,21.25,58.53,1.43,0,1.39,105711,12.3,76,44.1,12,130,160008,0,0,0,2,0,0,0,0,0
472,9190245600, Connecticut, Western Connecticut Planning Region,Census Tract 2456,26026379,554077,1,100,1,0,0,1,0,0,Middle third,44,2,8823.047,70,15.967,Upper third,95,4,7913.296,9,9.224,6157,0.06,2.39,86.89,5.91,0.26,4.48,205054,4,92.1,17.5,71,2053,2517909,0,0,0,7,1811,2221366,0,0,0
473,9190020400, Connecticut, Western Connecticut Planning Region,Census Tract 204,9354092,401020,1,100,1,0,0,1,0,0,Middle third,44,2,8823.047,70,15.967,Upper third,95,4,7913.296,9,9.224,3210,10.93,3.64,75.86,8.82,0,0.75,174643,1.1,89.5,11.2,3,438,538205,0,0,0,3,49,61050,0,0,0
474,9120090600, Connecticut, Greater Bridgeport Planning Region,Census Tract 906,8077308,235157,1,100,1,0,0,1,0,0,Middle third,44,2,8823.047,70,15.967,Upper third,95,4,7913.296,9,9.224,3468,8.59,1.44,78.17,5.88,0,5.91,145375,3.3,81.7,22.9,8,5,6708,0,0,0,3,1433,1757602,0,0,0
475,9190011300, Connecticut, Western Connecticut Planning Region,Census Tract 113,1919655,6714176,1,100,1,0,0,1,0,100,Middle third,44,2,8823.047,70,15.967,Upper third,95,4,7913.296,9,9.224,3190,49.81,6.21,38.62,3.32,0,2.04,112866,5.5,40,47.7,20,543,665947,1,32,39907,3,117,144580,0,0,0
476,9190230300, Connecticut, Western Connecticut Planning Region,Census Tract 2303,20675071,527819,1,100,1,0,0,1,0,0,Middle third,44,2,8823.047,70,15.967,Upper third,95,4,7913.296,9,9.224,3278,16.63,0,79.96,0.15,0,3.26,141425,4,92.2,13.7,13,39,48835,0,0,0,2,55,68016,0,0,0
477,9190021000, Connecticut, Western Connecticut Planning Region,Census Tract 210,1976607,0,1,100,1,0,0,1,0,0,Middle third,44,2,8823.047,70,15.967,Upper third,95,4,7913.296,9,9.224,3475,12.32,22.56,56.81,3.63,0,4.69,139709,12,75.7,26.1,2,580,711397,0,0,0,2,69,84903,0,0,0
478,9190030500, Connecticut, Western Connecticut Planning Region,Census Tract 305,5446368,5422,1,100,1,0,0,1,0,0,Middle third,44,2,8823.047,70,15.967,Upper third,95,4,7913.296,9,9.224,6135,5,0.72,86.81,4.55,0.07,2.85,"250,000+",7,83.8,3.8,13,230,283261,1,29,36460,6,531,652174,0,0,0
479,9120073900, Connecticut, Greater Bridgeport Planning Region,Census Tract 739,510134,34332,2,100,1,100,0,1,100,100,Middle third,44,2,8823.047,70,15.967,Upper third,95,4,7913.296,9,9.224,2612,56.39,30.59,5.59,7.43,0,0,41734,33.9,21.5,99.9,7,141,173891,0,0,0,4,327,401363,0,0,0
480,9120081300, Connecticut, Greater Bridgeport Planning Region,Census Tract 813,9979288,384421,1,100,1,0,0,1,0,0,Middle third,44,2,8823.047,70,15.967,Upper third,95,4,7913.296,9,9.224,5655,3.73,1.66,90.79,0.48,0,3.34,80911,6.1,84.1,28.9,15,0,0,0,0,0,1,20,25693,0,0,0
481,9190010800, Connecticut, Western Connecticut Planning Region,Census Tract 108,1857937,204390,1,100,1,0,0,1,0,0,Middle third,44,2,8823.047,70,15.967,Upper third,95,4,7913.296,9,9.224,3381,11.39,6.45,74.56,5.62,0,1.98,201513,8.9,64.8,34.4,10,721,885374,2,129,159174,9,592,726580,0,0,0
482,9190020500, Connecticut, Western Connecticut Planning Region,Census Tract 205,9236478,32460,1,100,1,0,0,1,0,0,Middle third,44,2,8823.047,70,15.967,Upper third,95,4,7913.296,9,9.224,4636,11.41,5.03,74.74,5.22,0.47,3.13,195729,1,90.1,42.2,3,0,0,0,0,0,4,985,1208420,0,0,0
483,9190020800, Connecticut, Western Connecticut Planning Region,Census Tract 208,2308451,0,1,100,1,0,0,1,0,0,Middle third,44,2,8823.047,70,15.967,Upper third,95,4,7913.296,9,9.224,2419,8.6,2.07,77.68,7.81,0,3.84,190074,2.7,96.5,10.8,1,501,614561,0,0,0,4,733,899846,0,0,0
484,9190043300, Connecticut, Western Connecticut Planning Region,Census Tract 433,1229595,31379,2,100,1,100,0,1,0,0,Middle third,44,2,8823.047,70,15.967,Upper third,95,4,7913.296,9,9.224,3032,32.59,25.46,36.41,0.53,0,5.01,108438,5.3,77.2,34.4,0,0,0,0,0,0,2,63,78011,0,0,0
485,9120080400, Connecticut, Greater Bridgeport Planning Region,Census Tract 804,3649098,98374,2,100,2,100,0,1,0,0,Middle third,44,2,8823.047,70,15.967,Upper third,95,4,7913.296,9,9.224,3808,30.83,38.37,27.07,0,0,3.73,59918,8.2,53.1,59.4,77,1361,1669743,0,0,0,3,847,1039582,0,0,0
486,9140110302, Connecticut, Naugatuck Valley Planning Region,Census Tract 1103.02,7856027,1443071,1,100,1,0,0,1,0,0,Middle third,44,2,8823.047,70,15.967,Upper third,95,4,7913.296,9,9.224,3435,5.91,2.59,80,9.87,0,1.63,115160,3.2,63.2,41.4,14,374,459679,0,0,0,3,421,516437,0,0,0
487,9190030200, Connecticut, Western Connecticut Planning Region,Census Tract 302,4379862,45814,1,100,1,0,0,1,0,0,Middle third,44,2,8823.047,70,15.967,Upper third,95,4,7913.296,9,9.224,3398,3.74,0,84.55,3.3,0,8.42,"250,000+",2.6,88,5.3,7,111,136326,0,0,0,4,14,17635,0,0,0
488,9190045102, Connecticut, Western Connecticut Planning Region,Census Tract 451.02,26683126,52703,1,100,1,0,0,1,0,0,Middle third,44,2,8823.047,70,15.967,Upper third,95,4,7913.296,9,9.224,6123,6.11,0.42,74.73,5.31,0,13.42,222679,2,91.1,4.7,29,247,303840,1,78,96750,3,597,733264,0,0,0
489,9190010900, Connecticut, Western Connecticut Planning Region,Census Tract 109,2595072,102736,1,100,1,0,0,1,0,0.12,Middle third,44,2,8823.047,70,15.967,Upper third,95,4,7913.296,9,9.224,5411,15.01,5.14,56.26,19.96,0.33,3.31,219688,1.9,74.9,34.6,6,0,0,1,5,7346,6,409,502186,0,0,0
490,9190011000, Connecticut, Western Connecticut Planning Region,Census Tract 110,4473567,3841129,1,100,1,0,0,1,0,0,Middle third,44,2,8823.047,70,15.967,Upper third,95,4,7913.296,9,9.224,5592,6.6,0.34,78.54,8.67,0,5.85,248393,2.5,82.3,4.5,26,378,464695,3,64,78857,4,386,474346,0,0,0
491,9120100100, Connecticut, Greater Bridgeport Planning Region,Census Tract 1001,21959638,26341,1,100,1,0,0,1,0,0,Middle third,44,2,8823.047,70,15.967,Upper third,95,4,7913.296,9,9.224,5288,3.69,0.45,88.46,6.98,0,0.42,139298,3.4,93.5,7.7,45,202,247978,1,34,41734,10,1579,1936694,0,0,0
492,9190205200, Connecticut, Western Connecticut Planning Region,Census Tract 2052,24935139,1023319,1,100,1,0,0,1,0,0,Middle third,44,2,8823.047,70,15.967,Upper third,95,4,7913.296,9,9.224,6848,6.75,0.01,91.65,1.45,0,0.15,153911,0.9,95.7,4.5,38,1404,1722221,0,0,0,5,1618,1984805,0,0,0
493,9190230100, Connecticut, Western Connecticut Planning Region,Census Tract 2301,40190697,1650366,1,100,2,0,0,1,0,0,Middle third,44,2,8823.047,70,15.967,Upper third,95,4,7913.296,9,9.224,6980,9.93,0.99,81.25,3.5,0.29,4.05,127258,1.2,89.1,17.3,67,219,269145,1,66,82033,6,1837,2253436,0,0,0
494,9190257100, Connecticut, Western Connecticut Planning Region,Census Tract 2571,56757602,3967080,1,100,1,0,0,1,0,0,Middle third,44,2,8823.047,70,15.967,Upper third,95,4,7913.296,9,9.224,3499,7.72,0.71,83.82,1.54,0,6.2,113490,2.1,91.7,7.8,12,54,67182,2,9,12043,3,412,506037,0,0,0
495,9190210800, Connecticut, Western Connecticut Planning Region,Census Tract 2108,16290361,1183857,1,100,1,0,0,2,0,1.52,Middle third,44,2,8823.047,70,15.967,Upper third,95,4,7913.296,9,9.224,6338,19.63,21.22,53.22,1.44,0,4.5,89298,5,75.5,48.4,25,910,1116551,1,0,0,7,2302,2823185,0,0,0
496,9190210600, Connecticut, Western Connecticut Planning Region,Census Tract 2106,2634253,0,2,100,1,100,0,2,0,100,Middle third,44,2,8823.047,70,15.967,Upper third,95,4,7913.296,9,9.224,6815,40.48,18.39,26.16,2.86,0.7,11.4,58941,15.8,46,92.5,5,867,1063865,1,7,9700,2,127,156721,0,0,0
497,9140110500, Connecticut, Naugatuck Valley Planning Region,Census Tract 1105,13074934,74156,1,100,1,0,0,1,0,0,Middle third,44,2,8823.047,70,15.967,Upper third,95,4,7913.296,9,9.224,5002,9.5,2.96,83.41,1,0,3.14,139595,2,100,15,13,62,77238,0,0,0,3,477,585225,0,0,0
498,9140110400, Connecticut, Naugatuck Valley Planning Region,Census Tract 1104,10838548,37032,1,100,1,0,0,1,0,0,Middle third,44,2,8823.047,70,15.967,Upper third,95,4,7913.296,9,9.224,5022,10.25,2.99,77.38,4.72,0,4.66,128403,8.7,97.1,11,8,322,395722,0,0,0,2,30,37356,0,0,0
499,9190043100, Connecticut, Western Connecticut Planning Region,Census Tract 431,6652728,58522,1,100,1,0,0,1,0,0,Middle third,44,2,8823.047,70,15.967,Upper third,95,4,7913.296,9,9.224,4186,9.01,8.55,71.24,7.53,0,3.68,179191,3.7,83.7,27.9,6,34,42727,0,0,0,5,1387,1702071,0,0,0
500,9190245200, Connecticut, Western Connecticut Planning Region,Census Tract 2452,18979941,455830,1,100,1,0,0,1,0,0,Middle third,44,2,8823.047,70,15.967,Upper third,95,4,7913.296,9,9.224,4414,10.58,3.22,72.97,4.26,0,8.97,165000,8.7,83.1,38.6,49,302,371157,0,0,0,4,511,626727,0,0,0
501,9140110202, Connecticut, Naugatuck Valley Planning Region,Census Tract 1102.02,10303622,558984,1,100,2,0,0,1,0,0,Middle third,44,2,8823.047,70,15.967,Upper third,95,4,7913.296,9,9.224,5080,14.27,0.79,69.47,6.65,0.22,8.6,102545,9,78.3,62.7,44,477,585152,0,0,0,6,2382,2921284,0,0,0
502,9190045200, Connecticut, Western Connecticut Planning Region,Census Tract 452,8316069,0,1,100,1,0,0,1,0,0,Middle third,44,2,8823.047,70,15.967,Upper third,95,4,7913.296,9,9.224,2722,4.92,3.49,84.42,6.1,0,1.07,181322,0.1,71.5,35.9,21,456,559839,1,120,147768,10,2920,3581909,0,0,0
503,9190035200, Connecticut, Western Connecticut Planning Region,Census Tract 352,17400725,508352,1,100,1,0,0,1,0,0,Middle third,44,2,8823.047,70,15.967,Upper third,95,4,7913.296,9,9.224,3228,10.29,0.53,85.01,4,0,0.19,"250,000+",2.7,99.1,0.2,,,,,,,,,,,,
504,9120060100, Connecticut, Greater Bridgeport Planning Region,Census Tract 601,3837602,0,1,100,1,0,0,1,0,0,Middle third,44,2,8823.047,70,15.967,Upper third,95,4,7913.296,9,9.224,4125,8.99,2.72,80.75,3.08,0,4.46,176429,2.5,93.6,10.7,0,0,0,0,0,0,2,334,409703,0,0,0
505,9190020900, Connecticut, Western Connecticut Planning Region,Census Tract 209,1640220,0,2,100,1,100,0,1,0,0,Middle third,44,2,8823.047,70,15.967,Upper third,95,4,7913.296,9,9.224,5348,24.51,15.03,54.04,3.72,0,2.69,97750,12.5,54.2,69.2,0,0,0,1,42,52355,7,1295,1589083,0,0,0
506,9190200200, Connecticut, Western Connecticut Planning Region,Census Tract 2002,5619062,0,2,100,1,100,0,2,0,0,Middle third,44,2,8823.047,70,15.967,Upper third,95,4,7913.296,9,9.224,5826,13.29,14.02,51.13,6.4,0,15.16,60506,5.1,60.1,68.5,17,764,937398,3,189,232893,2,725,890354,0,0,0
507,9190055100, Connecticut, Western Connecticut Planning Region,Census Tract 551,34628962,2216980,1,100,1,0,0,1,0,0,Middle third,44,2,8823.047,70,15.967,Upper third,95,4,7913.296,9,9.224,5909,7.45,4.11,76.58,5.25,0.3,6.31,198864,1.9,97.7,2.7,42,4049,4965693,3,155,190128,7,175,215159,0,0,0
508,9190200301, Connecticut, Western Connecticut Planning Region,Census Tract 2003.01,9898015,0,1,100,1,0,0,1,0,0,Middle third,44,2,8823.047,70,15.967,Upper third,95,4,7913.296,9,9.224,5152,16.61,1.9,67.78,8.15,0,5.55,168750,1,95.5,17.8,7,10,13122,1,101,124810,2,117,144384,0,0,0
509,9120073100, Connecticut, Greater Bridgeport Planning Region,Census Tract 731,2887276,22088,2,100,1,100,0,1,0,100,Middle third,44,2,8823.047,70,15.967,Upper third,95,4,7913.296,9,9.224,4706,46.28,11.62,36.66,3.17,0.53,1.74,54330,20.2,63.7,75.2,8,1338,1641094,1,55,67599,1,333,409102,0,0,0
510,9190211000, Connecticut, Western Connecticut Planning Region,Census Tract 2110,7080028,787556,1,100,1,0,0,1,0,0,Middle third,44,2,8823.047,70,15.967,Upper third,95,4,7913.296,9,9.224,4418,25.74,6.88,53.24,8.33,0,5.82,108654,4.4,84.1,49.7,22,1271,1559661,0,0,0,2,32,39919,0,0,0
511,9120105200, Connecticut, Greater Bridgeport Planning Region,Census Tract 1052,39169961,1941105,1,100,1,0,0,1,0,0,Middle third,44,2,8823.047,70,15.967,Upper third,95,4,7913.296,9,9.224,3534,2.52,2.12,90.41,1.78,0,3.17,187500,14.5,75.1,15.8,2,62,76515,0,0,0,2,43,53041,0,0,0
512,9120060300, Connecticut, Greater Bridgeport Planning Region,Census Tract 603,11682704,1050712,1,100,1,0,0,1,0,0,Middle third,44,2,8823.047,70,15.967,Upper third,95,4,7913.296,9,9.224,4294,1.19,0,94.39,3,0,1.42,"250,000+",2.2,96.6,2.3,11,303,371783,0,0,0,4,483,592571,0,0,0
513,9120090500, Connecticut, Greater Bridgeport Planning Region,Census Tract 905,8916506,35371,1,100,1,0,0,1,0,0,Middle third,44,2,8823.047,70,15.967,Upper third,95,4,7913.296,9,9.224,5446,2.24,0.51,78.9,6.39,0,11.95,141429,3.5,95.4,15.5,10,169,207678,1,37,45622,4,1734,2127546,0,0,0
514,9140110201, Connecticut, Naugatuck Valley Planning Region,Census Tract 1102.01,3233210,397179,1,100,1,0,0,1,0,0.02,Middle third,44,2,8823.047,70,15.967,Upper third,95,4,7913.296,9,9.224,5208,16.53,7.49,60.25,12.63,0.36,2.73,106047,6.7,76.4,52.7,35,479,587654,0,0,0,0,0,0,0,0,0
515,9190030100, Connecticut, Western Connecticut Planning Region,Census Tract 301,11129324,27900,1,100,1,0,0,1,0,0,Middle third,44,2,8823.047,70,15.967,Upper third,95,4,7913.296,9,9.224,3412,3.96,5.51,77.43,4.48,0,8.62,"250,000+",1.9,97,3,8,564,691971,0,0,0,3,1232,1511084,0,0,0
516,9120090200, Connecticut, Greater Bridgeport Planning Region,Census Tract 902,9739615,257766,1,100,1,0,0,1,0,0,Middle third,44,2,8823.047,70,15.967,Upper third,95,4,7913.296,9,9.224,7909,4.98,1.52,82.49,8.42,0.18,2.41,155938,3.5,92.1,30.2,20,329,404356,3,60,74454,2,34,42482,0,0,0
517,9190010300, Connecticut, Western Connecticut Planning Region,Census Tract 103,9636411,37010,1,100,1,0,0,1,0,0,Middle third,44,2,8823.047,70,15.967,Upper third,95,4,7913.296,9,9.224,4199,3.67,3.43,82,7.79,0,3.12,"250,000+",2.5,71.3,3,1,0,0,1,0,0,10,1341,1644774,0,0,0
518,9190050200, Connecticut, Western Connecticut Planning Region,Census Tract 502,4878639,90789,1,100,1,0,0,2,0,0,Middle third,44,2,8823.047,70,15.967,Upper third,95,4,7913.296,9,9.224,3690,10.6,1.11,76.99,7.91,0.54,2.85,191161,4.8,85.4,12,17,419,514854,1,97,119929,7,823,1010234,0,0,0
519,9120081100, Connecticut, Greater Bridgeport Planning Region,Census Tract 811,3366225,0,1,100,1,0,0,1,0,0,Middle third,44,2,8823.047,70,15.967,Upper third,95,4,7913.296,9,9.224,5141,16.65,3.03,80.16,0,0,0.16,135233,4.1,91.6,27.1,9,947,1162296,0,0,0,2,1776,2179202,0,0,0
520,9190042700, Connecticut, Western Connecticut Planning Region,Census Tract 427,4107177,43237,1,100,1,0,0,1,0,0,Middle third,44,2,8823.047,70,15.967,Upper third,95,4,7913.296,9,9.224,5450,24.86,12.95,50.51,9.14,0,2.53,103214,2.6,47.5,54.7,18,2683,3291412,0,0,0,8,1129,1385586,0,0,0
521,9190240100, Connecticut, Western Connecticut Planning Region,Census Tract 2401,34396263,224740,1,100,2,0,0,1,0,0,Middle third,44,2,8823.047,70,15.967,Upper third,95,4,7913.296,9,9.224,4459,11.19,0.92,80.06,3.39,0.43,4.01,156250,3.7,83.9,35.6,24,114,139907,3,120,147744,4,196,240754,0,0,0
522,9190043200, Connecticut, Western Connecticut Planning Region,Census Tract 432,2769528,11056,2,100,1,100,0,1,0,99.82,Middle third,44,2,8823.047,70,15.967,Upper third,95,4,7913.296,9,9.224,3404,42.42,18.16,26.2,3.53,0,9.69,67880,14.8,64.8,74.8,4,25,31040,0,0,0,1,32,39330,0,0,0
523,9120090400, Connecticut, Greater Bridgeport Planning Region,Census Tract 904,7347827,0,1,100,1,0,0,1,0,0,Middle third,44,2,8823.047,70,15.967,Upper third,95,4,7913.296,9,9.224,6640,7.58,3,72.92,10.09,0.65,5.77,140464,4.8,80,52.1,9,487,598004,2,103,126319,13,2795,3428352,0,0,0
524,9120081200, Connecticut, Greater Bridgeport Planning Region,Census Tract 812,6000772,435905,1,100,1,0,0,1,0,0,Middle third,44,2,8823.047,70,15.967,Upper third,95,4,7913.296,9,9.224,6070,5.85,2.97,87.81,1.07,0,2.31,133537,3.2,96.5,11.4,11,18,22467,0,0,0,5,1191,1461476,0,0,0
525,9190021200, Connecticut, Western Connecticut Planning Region,Census Tract 212,2399974,0,1,100,1,0,0,1,0,0,Middle third,44,2,8823.047,70,15.967,Upper third,95,4,7913.296,9,9.224,3772,15.24,3.66,66.99,10.45,0,3.66,134905,2.5,83.7,37.4,2,775,951428,1,53,65465,4,674,827206,0,0,0
526,9190230200, Connecticut, Western Connecticut Planning Region,Census Tract 2302,5967206,0,1,100,1,0,0,1,0,0,Middle third,44,2,8823.047,70,15.967,Upper third,95,4,7913.296,9,9.224,1959,9.24,1.89,86.17,1.99,0,0.71,144375,2.2,89.2,20,10,195,239699,0,0,0,7,772,947259,0,0,0
527,9190010201, Connecticut, Western Connecticut Planning Region,Census Tract 102.01,11255057,140761,1,100,1,0,0,1,0,0,Middle third,44,2,8823.047,70,15.967,Upper third,95,4,7913.296,9,9.224,3426,13.98,0.44,76.09,7.79,0,1.69,"250,000+",1.7,86.7,7.5,1,298,365761,0,0,0,4,2168,2659718,0,0,0
528,9190010202, Connecticut, Western Connecticut Planning Region,Census Tract 102.02,9845918,135916,1,100,1,0,0,1,0,0,Middle third,44,2,8823.047,70,15.967,Upper third,95,4,7913.296,9,9.224,5712,11.8,2.89,63.94,6.29,0.42,14.67,243281,4.3,75,20.4,5,13,16041,0,0,0,5,101,124307,0,0,0
529,9190200100, Connecticut, Western Connecticut Planning Region,Census Tract 2001,5056815,0,2,100,1,100,0,1,0,0,Middle third,44,2,8823.047,70,15.967,Upper third,95,4,7913.296,9,9.224,3983,15.74,4.34,66.68,4.64,0,8.59,92500,6.1,70.5,53.3,14,21,26490,1,31,38202,5,1215,1490309,0,0,0
530,9190245100, Connecticut, Western Connecticut Planning Region,Census Tract 2451,10354901,171931,1,100,1,0,0,1,0,0,Middle third,44,2,8823.047,70,15.967,Upper third,95,4,7913.296,9,9.224,2977,4.13,1.28,84.78,2.65,0,7.15,211591,0.6,96.6,2.1,18,400,491124,1,0,0,5,1489,1826158,0,0,0
531,9190245500, Connecticut, Western Connecticut Planning Region,Census Tract 2455,7574107,0,1,100,1,0,0,1,0,0,Middle third,44,2,8823.047,70,15.967,Upper third,95,4,7913.296,9,9.224,2816,7.88,0,87.78,2.17,0,2.17,191477,2,85.7,3.2,17,298,365798,3,486,597244,2,264,324738,0,0,0
532,9190011100, Connecticut, Western Connecticut Planning Region,Census Tract 111,4370720,1985027,1,100,1,0,0,1,0,0,Middle third,44,2,8823.047,70,15.967,Upper third,95,4,7913.296,9,9.224,5150,13.57,1.83,72.17,6.91,0,5.51,"250,000+",5.4,91.1,5.7,11,680,834221,0,0,0,2,866,1063031,0,0,0
533,9190010500, Connecticut, Western Connecticut Planning Region,Census Tract 105,1916409,11507,2,100,1,100,0,1,0,7.06,Middle third,44,2,8823.047,70,15.967,Upper third,95,4,7913.296,9,9.224,6294,29.39,2.03,58.44,5.02,0,5.12,94643,6.6,30,53.9,10,391,480147,2,249,306207,8,2097,2572754,0,0,0
534,9190010700, Connecticut, Western Connecticut Planning Region,Census Tract 107,1855240,87317,1,100,1,0,0,1,0,0,Middle third,44,2,8823.047,70,15.967,Upper third,95,4,7913.296,9,9.224,3589,15.74,15.94,61.69,3.06,0,3.57,93598,10.5,55.1,69.2,2,180,221880,0,0,0,2,34,41746,0,0,0
535,9190010600, Connecticut, Western Connecticut Planning Region,Census Tract 106,883179,0,1,100,1,0,0,1,0,0,Middle third,44,2,8823.047,70,15.967,Upper third,95,4,7913.296,9,9.224,1737,7.37,5.07,70.81,11.57,0.23,4.95,101434,15.4,28.2,55.6,15,691,847454,2,396,486684,7,1306,1602794,0,0,0
536,9190011200, Connecticut, Western Connecticut Planning Region,Census Tract 112,4903702,5042758,1,100,1,0,0,1,0,0.07,Middle third,44,2,8823.047,70,15.967,Upper third,95,4,7913.296,9,9.224,1812,22.08,0.39,64.96,5.13,0,7.45,"250,000+",5.7,85.9,19.5,21,456,559839,0,0,0,0,0,0,0,0,0
537,9170150100, Connecticut, South Central Connecticut Planning Region,Census Tract 1501,3165084,153797,0,0,1,0,0,1,0,0,Middle third,51,4,13815.777,53,13.983,Upper third,93,2,5420.8,10,9.374,4166,5.57,1.08,88.98,1.42,0,2.95,83950,7.6,45.7,14.6,47,885,1086050,2,19,23828,7,493,605743,0,0,0
538,9110514200, Connecticut, Capitol Planning Region,Census Tract 5142,3602504,201934,1,0,2,100,0,1,0,0,Middle third,45,3,9661.516,63,15.317,Upper third,89,0,3823.465,11,10.327,3221,20.49,14.65,54.18,4.44,0.68,5.56,75104,18.5,52.1,73.5,37,541,664218,1,39,48393,3,978,1199946,0,0,0
539,9110514300, Connecticut, Capitol Planning Region,Census Tract 5143,2192485,0,0,0,1,0,0,1,0,0.01,Middle third,45,3,9661.516,63,15.317,Upper third,89,0,3823.465,11,10.327,4327,18.12,15.92,59.93,3.63,0,2.4,89943,5.5,80.5,15.3,4,2201,2699980,2,163,200945,4,3608,4425403,0,0,0
540,9170150200, Connecticut, South Central Connecticut Planning Region,Census Tract 1502,2296786,3704431,1,0,1,100,0,1,0,0,Middle third,51,4,13815.777,53,13.983,Upper third,93,2,5420.8,10,9.374,3459,1.07,3.06,87.68,4.65,0,3.53,78880,4.1,61.3,32.2,19,129,158524,0,0,0,2,310,380343,0,0,0
541,9170175600, Connecticut, South Central Connecticut Planning Region,Census Tract 1756,6725037,0,0,0,1,0,0,1,0,0,Middle third,51,4,13815.777,53,13.983,Upper third,93,2,5420.8,10,9.374,5530,7.81,0.56,84.29,5.23,0,2.12,108125,1.6,84,18.6,10,739,906456,0,0,0,7,2005,2459103,0,0,0
542,9170175700, Connecticut, South Central Connecticut Planning Region,Census Tract 1757,5230372,58609,0,0,1,0,0,1,0,0,Middle third,51,4,13815.777,53,13.983,Upper third,93,2,5420.8,10,9.374,2027,9.92,0,87.03,1.53,0,1.53,122500,10.6,85.7,3.7,2,8,9823,0,0,0,0,0,0,0,0,0
543,9170175900, Connecticut, South Central Connecticut Planning Region,Census Tract 1759,5227304,16182,0,0,1,0,0,1,0,0,Middle third,51,4,13815.777,53,13.983,Upper third,93,2,5420.8,10,9.374,5275,1.42,0.72,95.62,0.02,0.04,2.18,95739,9.4,64,33.1,2,5,7015,0,0,0,3,903,1108236,0,0,0
544,9170180300, Connecticut, South Central Connecticut Planning Region,Census Tract 1803,1754046,17973,1,0,1,100,0,1,0,0,Middle third,51,4,13815.777,53,13.983,Upper third,93,2,5420.8,10,9.374,2619,27.15,1.79,59.95,2.33,0.11,8.67,65417,12.3,51.8,74.3,7,230,282194,1,30,37221,0,0,0,0,0,0
545,9170180400, Connecticut, South Central Connecticut Planning Region,Census Tract 1804,4976820,333020,0,0,1,0,0,1,0,0,Middle third,51,4,13815.777,53,13.983,Upper third,93,2,5420.8,10,9.374,2355,27.98,4.37,57.07,9.51,0,1.06,74625,10.5,76.3,75.2,6,57,69929,0,0,0,3,773,948902,0,0,0
546,9170180500, Connecticut, South Central Connecticut Planning Region,Census Tract 1805,4126974,80208,0,0,1,0,0,1,0,0.04,Middle third,51,4,13815.777,53,13.983,Upper third,93,2,5420.8,10,9.374,4195,28.72,7.06,59.07,3.1,0,2.05,90969,11.3,70,44.1,23,77,94518,0,0,0,1,62,76134,0,0,0
547,9170180601, Connecticut, South Central Connecticut Planning Region,Census Tract 1806.01,3934803,429217,1,0,1,100,0,1,0,0,Middle third,51,4,13815.777,53,13.983,Upper third,93,2,5420.8,10,9.374,3527,5.59,0.06,92.63,0.43,0,1.3,101786,6.6,88.8,19.5,7,197,242361,0,0,0,0,0,0,0,0,0
548,9170180200, Connecticut, South Central Connecticut Planning Region,Census Tract 1802,3535585,0,1,0,1,100,0,1,0,0,Middle third,51,4,13815.777,53,13.983,Upper third,93,2,5420.8,10,9.374,4804,22.04,10.78,65.3,0.54,0,1.33,65272,5.9,64.3,25.5,13,207,254244,0,0,0,7,1107,1357796,0,0,0
549,9170180602, Connecticut, South Central Connecticut Planning Region,Census Tract 1806.02,7512732,21543,0,0,1,0,0,1,0,0,Middle third,51,4,13815.777,53,13.983,Upper third,93,2,5420.8,10,9.374,3198,9.47,0.59,89.49,0,0,0.44,85703,6,94.8,31.4,14,162,199890,0,0,0,3,1651,2025853,0,0,0
550,9170184400, Connecticut, South Central Connecticut Planning Region,Census Tract 1844,4758338,5299702,0,0,1,0,0,1,0,0,Middle third,51,4,13815.777,53,13.983,Upper third,93,2,5420.8,10,9.374,3099,5.39,0,93.03,0,0.35,1.23,96806,4.5,74.2,15.3,10,40,49877,0,0,0,2,45,55936,0,0,0
551,9170184500, Connecticut, South Central Connecticut Planning Region,Census Tract 1845,5177200,56876,0,0,1,0,0,1,0,0,Middle third,51,4,13815.777,53,13.983,Upper third,93,2,5420.8,10,9.374,2532,4.19,3.32,84.79,5.29,0,2.41,113477,2,88.7,15.2,9,784,961840,0,0,0,2,991,1216453,0,0,0
552,9170184600, Connecticut, South Central Connecticut Planning Region,Census Tract 1846,12521106,7033952,0,0,1,0,0,1,0,0,Middle third,51,4,13815.777,53,13.983,Upper third,93,2,5420.8,10,9.374,2856,0,1.79,97.51,0,0,0.7,176023,2.2,83.8,1.1,14,199,245157,0,0,0,1,0,0,0,0,0
553,9170184700, Connecticut, South Central Connecticut Planning Region,Census Tract 1847,20797692,1035886,0,0,1,0,0,1,0,0,Middle third,51,4,13815.777,53,13.983,Upper third,93,2,5420.8,10,9.374,5763,6.73,2.15,82.68,5.01,0,3.42,100947,4.6,81.7,28.3,13,310,381091,0,0,0,5,873,1071775,0,0,0
554,9140350200, Connecticut, Naugatuck Valley Planning Region,Census Tract 3502,678678,0,1,0,3,100,0,1,100,100,Middle third,51,4,13815.777,53,13.983,Upper third,93,2,5420.8,10,9.374,3816,48.27,43.61,5.35,0,0,2.78,28789,43.8,26.4,98.3,12,156,191796,0,0,0,0,0,0,0,0,0
555,9140350300, Connecticut, Naugatuck Valley Planning Region,Census Tract 3503,447313,1964,1,0,3,100,0,1,100,100,Middle third,51,4,13815.777,53,13.983,Upper third,93,2,5420.8,10,9.374,1933,55.25,31.87,4.66,6.31,0,1.91,43906,23,32.2,85.7,3,15,18481,0,0,0,1,1,1483,0,0,0
556,9170170200, Connecticut, South Central Connecticut Planning Region,Census Tract 1702,608828,0,1,0,6,100,0,1,0,100,Middle third,51,4,13815.777,53,13.983,Upper third,93,2,5420.8,10,9.374,1750,74.06,14.17,10.91,0,0.86,0,39583,25.6,25.2,94.5,32,1028,1261732,0,0,0,4,480,589800,0,0,0
557,9170170300, Connecticut, South Central Connecticut Planning Region,Census Tract 1703,875299,0,1,0,1,100,0,1,0,100,Middle third,51,4,13815.777,53,13.983,Upper third,93,2,5420.8,10,9.374,2180,61.33,13.53,22.48,0,0.28,2.39,43417,24.1,51.3,76.8,9,164,202110,0,0,0,3,139,170849,0,0,0
558,9170170400, Connecticut, South Central Connecticut Planning Region,Census Tract 1704,5445255,145129,1,0,1,100,0,1,0,0.42,Middle third,51,4,13815.777,53,13.983,Upper third,93,2,5420.8,10,9.374,1951,33.78,9.79,46.49,0.97,0,8.97,80000,21.3,59.9,78.6,21,228,280085,0,0,0,1,122,150246,0,0,0
559,9140350400, Connecticut, Naugatuck Valley Planning Region,Census Tract 3504,424642,0,1,0,1,100,0,1,100,100,Middle third,51,4,13815.777,53,13.983,Upper third,93,2,5420.8,10,9.374,2596,34.75,52.35,11.06,0,0,1.85,31378,25.3,22.9,95.7,10,189,231912,0,0,0,1,186,228576,0,0,0
560,9140350500, Connecticut, Naugatuck Valley Planning Region,Census Tract 3505,781540,0,1,0,7,100,0,1,100,100,Middle third,51,4,13815.777,53,13.983,Upper third,93,2,5420.8,10,9.374,2731,58.99,25.08,9.59,1.21,0,5.13,32196,47.9,12.3,96.8,28,2112,2590169,0,0,0,0,0,0,0,0,0
561,9140352701, Connecticut, Naugatuck Valley Planning Region,Census Tract 3527.01,2954318,0,1,0,1,100,0,2,0,1.99,Middle third,51,4,13815.777,53,13.983,Upper third,93,2,5420.8,10,9.374,3638,36.97,23.36,31.2,4.78,0,3.68,68724,15.4,27.5,87.4,6,757,929034,1,222,272640,3,1391,1706474,0,0,0
562,9140352702, Connecticut, Naugatuck Valley Planning Region,Census Tract 3527.02,2874849,28828,1,0,1,100,0,3,0,0,Middle third,51,4,13815.777,53,13.983,Upper third,93,2,5420.8,10,9.374,5173,18.29,29.56,44.94,4.85,0,2.36,64429,9.7,57.9,85,2,243,298407,0,0,0,2,0,0,0,0,0
563,9140352800, Connecticut, Naugatuck Valley Planning Region,Census Tract 3528,6807663,152160,1,0,1,100,0,2,0,99.95,Middle third,51,4,13815.777,53,13.983,Upper third,93,2,5420.8,10,9.374,7243,25.71,26.48,27.03,13.27,0,7.51,57300,29.4,52.9,74.6,21,479,587985,1,0,0,3,1111,1362800,0,0,0
564,9170166002, Connecticut, South Central Connecticut Planning Region,Census Tract 1660.02,17299095,161580,0,0,1,0,0,1,0,0,Middle third,51,4,13815.777,53,13.983,Upper third,93,2,5420.8,10,9.374,8248,7.54,8.14,72.2,7.23,0,4.9,109710,8.5,86.6,28.2,5,10,13416,1,0,0,4,254,312609,0,0,0
565,9170194202, Connecticut, South Central Connecticut Planning Region,Census Tract 1942.02,29412274,790459,0,0,1,0,0,1,0,0,Middle third,51,4,13815.777,53,13.983,Upper third,93,2,5420.8,10,9.374,5731,1.66,1.26,85.92,6.7,0,4.47,157731,3.2,92.2,8.8,19,1113,1366086,0,0,0,4,541,664230,0,0,0
566,9140346102, Connecticut, Naugatuck Valley Planning Region,Census Tract 3461.02,48488146,766788,0,0,1,0,0,1,0,0,Middle third,51,4,13815.777,53,13.983,Upper third,93,2,5420.8,10,9.374,6109,15.06,2.65,78.15,0,0,4.14,131821,3,89.2,2.7,61,1411,1731088,1,28,34437,5,1237,1517522,0,0,0
567,9140351100, Connecticut, Naugatuck Valley Planning Region,Census Tract 3511,4039359,273592,1,0,1,100,0,1,100,99.33,Middle third,51,4,13815.777,53,13.983,Upper third,93,2,5420.8,10,9.374,4659,37.13,36.64,10.77,0,0.15,15.3,50199,12.9,37.5,85.8,13,746,915630,0,0,0,1,28,34952,0,0,0
568,9140361300, Connecticut, Naugatuck Valley Planning Region,Census Tract 3613,18607368,262793,0,0,1,0,0,1,0,0,Middle third,51,4,13815.777,53,13.983,Upper third,93,2,5420.8,10,9.374,4153,5.25,0.92,85.99,4.6,0,3.25,108523,1.6,85.2,2.7,19,672,824263,0,0,0,5,1567,1922897,0,0,0
569,9170190303, Connecticut, South Central Connecticut Planning Region,Census Tract 1903.03,44029937,728673,0,0,1,0,0,1,0,0,Middle third,51,4,13815.777,53,13.983,Upper third,93,2,5420.8,10,9.374,3467,8.19,6.29,79.75,3.69,0,2.08,131308,2.5,82.8,11,7,5,6708,0,0,0,2,293,360218,0,0,0
570,9140341100, Connecticut, Naugatuck Valley Planning Region,Census Tract 3411,25055586,301401,0,0,2,0,0,1,0,0,Middle third,51,4,13815.777,53,13.983,Upper third,93,2,5420.8,10,9.374,6061,7.95,4.03,83.3,0.86,0,3.86,98042,3.6,82.3,33.1,23,1184,1452131,2,57,70260,3,1688,2070543,0,0,0
571,9140343200, Connecticut, Naugatuck Valley Planning Region,Census Tract 3432,22367984,35360,0,0,1,0,0,1,0,0,Middle third,51,4,13815.777,53,13.983,Upper third,93,2,5420.8,10,9.374,5434,1.91,3.9,78.14,10.23,0,5.82,142407,3,91.2,12.6,10,36,44984,0,0,0,3,281,345182,0,0,0
572,9140350800, Connecticut, Naugatuck Valley Planning Region,Census Tract 3508,1067270,0,1,0,1,100,0,1,100,100,Middle third,51,4,13815.777,53,13.983,Upper third,93,2,5420.8,10,9.374,6250,19.79,42.34,32.4,0.7,0.62,4.14,48564,23.4,30.5,96.1,16,427,523856,0,0,0,2,366,449095,0,0,0
573,9140351800, Connecticut, Naugatuck Valley Planning Region,Census Tract 3518,3670335,138454,1,0,1,100,0,1,0,0,Middle third,51,4,13815.777,53,13.983,Upper third,93,2,5420.8,10,9.374,4233,30.57,15.73,39.43,5.91,0,8.36,60009,5.7,50,64,9,16,20125,0,0,0,3,192,235542,0,0,0
574,9140351000, Connecticut, Naugatuck Valley Planning Region,Census Tract 3510,1789925,19789,1,0,1,100,0,1,0,100,Middle third,51,4,13815.777,53,13.983,Upper third,93,2,5420.8,10,9.374,4476,51.01,23.46,22.16,0,0,3.37,56852,14.1,56.1,90.2,24,347,425818,0,0,0,0,0,0,0,0,0
575,9140351200, Connecticut, Naugatuck Valley Planning Region,Census Tract 3512,1923625,8997,1,0,1,100,0,1,100,100,Middle third,51,4,13815.777,53,13.983,Upper third,93,2,5420.8,10,9.374,3692,46.4,35.05,16.44,0,0,2.11,45112,34.4,36.9,94.9,17,3546,4350016,0,0,0,3,4277,5245803,0,0,0
576,9140351300, Connecticut, Naugatuck Valley Planning Region,Census Tract 3513,2296209,5632,1,0,1,100,0,1,0,100,Middle third,51,4,13815.777,53,13.983,Upper third,93,2,5420.8,10,9.374,5147,43.48,3.67,39.5,8.32,0,5.03,54083,15.1,42.8,85,4,48,59529,0,0,0,4,86,106647,0,0,0
577,9140351400, Connecticut, Naugatuck Valley Planning Region,Census Tract 3514,1127600,0,1,0,1,100,0,1,100,100,Middle third,51,4,13815.777,53,13.983,Upper third,93,2,5420.8,10,9.374,4517,46.36,27.81,21.56,1.64,0,2.63,51292,15.1,21.7,82,5,115,141072,0,0,0,4,62,77079,0,0,0
578,9140350900, Connecticut, Naugatuck Valley Planning Region,Census Tract 3509,761546,0,1,0,1,100,0,1,0,100,Middle third,51,4,13815.777,53,13.983,Upper third,93,2,5420.8,10,9.374,2494,40.86,28.99,17.12,0.68,0,12.35,72321,10.9,71.5,78.2,3,108,132537,0,0,0,1,177,217428,0,0,0
579,9140345100, Connecticut, Naugatuck Valley Planning Region,Census Tract 3451,8733918,133101,1,0,1,100,0,1,0,0,Middle third,51,4,13815.777,53,13.983,Upper third,93,2,5420.8,10,9.374,7126,6.4,19.65,62.74,4.62,0,6.6,79303,4.7,55.2,54.6,23,125,154305,2,269,330870,4,267,328147,0,0,0
580,9140345202, Connecticut, Naugatuck Valley Planning Region,Census Tract 3452.02,4896144,8358,0,0,1,0,0,1,0,0,Middle third,51,4,13815.777,53,13.983,Upper third,93,2,5420.8,10,9.374,4187,17.53,11.66,67.64,2.01,0,1.17,101235,5.1,87.6,18.6,2,0,0,0,0,0,0,0,0,0,0,0
581,9140347100, Connecticut, Naugatuck Valley Planning Region,Census Tract 3471,20707979,48569,0,0,1,0,0,1,0,0,Middle third,51,4,13815.777,53,13.983,Upper third,93,2,5420.8,10,9.374,5864,13.11,4.71,74.62,0.89,0,6.67,123333,1.6,90.5,30,28,775,951060,2,111,136289,3,995,1220488,0,0,0
582,9140347200, Connecticut, Naugatuck Valley Planning Region,Census Tract 3472,16073464,578146,0,0,1,0,0,1,0,0,Middle third,51,4,13815.777,53,13.983,Upper third,93,2,5420.8,10,9.374,3547,2.2,4.82,90.67,0.93,0,1.38,130313,4.5,91,10.4,5,0,0,1,151,185480,2,20,25079,0,0,0
583,9140352200, Connecticut, Naugatuck Valley Planning Region,Census Tract 3522,2106150,0,1,0,1,100,0,2,90,99.82,Middle third,51,4,13815.777,53,13.983,Upper third,93,2,5420.8,10,9.374,2632,53.34,14.86,29.45,0,0,2.36,43962,32.9,35.4,87.7,11,104,127557,0,0,0,1,276,339111,0,0,0
584,9140352500, Connecticut, Naugatuck Valley Planning Region,Census Tract 3525,3297841,59513,1,0,1,100,0,1,0,0,Middle third,51,4,13815.777,53,13.983,Upper third,93,2,5420.8,10,9.374,3703,26.98,27.9,29.81,3.46,0,11.86,69647,18,48.8,55.6,12,191,235444,0,0,0,1,118,145487,0,0,0
585,9140352600, Connecticut, Naugatuck Valley Planning Region,Census Tract 3526,2337814,0,1,0,1,100,0,1,100,97,Middle third,51,4,13815.777,53,13.983,Upper third,93,2,5420.8,10,9.374,5313,42.61,9.77,43.52,0.45,0,3.65,55507,20.3,56.2,84.2,0,0,0,0,0,0,2,307,377400,0,0,0
586,9140352100, Connecticut, Naugatuck Valley Planning Region,Census Tract 3521,1712572,0,1,0,1,100,0,1,0,100,Middle third,51,4,13815.777,53,13.983,Upper third,93,2,5420.8,10,9.374,4532,25.88,31.22,33.32,0,0,9.58,47941,19.7,62.4,89.7,21,214,262645,0,0,0,0,0,0,0,0,0
587,9150907200, Connecticut, Northeastern Connecticut Planning Region,Census Tract 9072,34872474,525523,1,0,1,100,0,1,0,0,Lower third,14,0,87.262,77,18.267,Upper third,94,4,6383.92,10,9.714,5069,3.61,1.52,91.73,1.72,0,1.42,73910,10.2,71.4,17.4,9,351,431447,0,0,0,1,289,354650,0,0,0
588,9110460204, Connecticut, Capitol Planning Region,Census Tract 4602.04,17072928,131112,0,0,1,0,0,1,0,0,Middle third,45,3,9661.516,63,15.317,Upper third,89,0,3823.465,11,10.327,5760,6.27,1.56,65.71,23.96,0,2.5,91250,7.5,81.8,33.5,4,118,145696,0,0,0,1,683,837753,3,512,628885
589,9160410101, Connecticut, Northwest Hills Planning Region,Census Tract 4101.01,43821489,588924,0,0,1,0,0,1,0,0,Middle third,45,3,9661.516,63,15.317,Upper third,89,0,3823.465,11,10.327,5406,9.84,0,83.3,2.94,0,3.92,149940,2.6,93.2,5.8,3,133,164153,0,0,0,5,81,99706,0,0,0
590,9160410102, Connecticut, Northwest Hills Planning Region,Census Tract 4101.02,33106241,1247746,0,0,1,0,0,1,0,0,Middle third,45,3,9661.516,63,15.317,Upper third,89,0,3823.465,11,10.327,4151,2.6,3.01,82.58,3.01,0,8.79,145917,3.1,89.2,8.9,4,95,116802,0,0,0,7,2235,2741408,0,0,0
591,9110524501, Connecticut, Capitol Planning Region,Census Tract 5245.01,505955,0,1,0,1,100,0,1,20,100,Middle third,45,3,9661.516,63,15.317,Upper third,89,0,3823.465,11,10.327,3648,41.47,19.27,29.52,0.58,0,9.16,55417,13.7,30.4,61.8,1,7,8977,0,0,0,0,0,0,0,0,0
592,9160320200, Connecticut, Northwest Hills Planning Region,Census Tract 3202,58783174,3309252,1,0,5,100,0,1,0,0,Middle third,44,1,8577.828,75,17.183,Upper third,92,1,4786.975,11,10.442,4027,1.54,0,94.14,0.02,0.27,4.02,76351,8.5,82.3,44.5,12,172,211750,0,0,0,3,772,947958,0,0,0
593,9160266100, Connecticut, Northwest Hills Planning Region,Census Tract 2661,125813160,2676631,0,0,1,0,0,1,0,0,Middle third,44,1,8577.828,75,17.183,Upper third,92,1,4786.975,11,10.442,3015,7.76,0,81.69,4.41,0.07,6.07,93281,9.1,73.3,33.5,15,251,308194,1,17,21143,6,377,463542,0,0,0
594,9160298400, Connecticut, Northwest Hills Planning Region,Census Tract 2984,62309180,712280,0,0,1,0,0,1,0,0,Middle third,44,1,8577.828,75,17.183,Upper third,92,1,4786.975,11,10.442,2670,5.96,0,91.31,2.06,0,0.67,141927,1.3,95.7,11.4,1,30,36828,0,0,0,1,571,701476,0,0,0
595,9140342100, Connecticut, Naugatuck Valley Planning Region,Census Tract 3421,50181137,740227,0,0,1,0,0,1,0,0,Middle third,44,1,8577.828,75,17.183,Upper third,92,1,4786.975,11,10.442,3399,3.71,0.85,89.59,1.79,0,4.06,113650,7.6,75.7,13.3,8,180,221843,1,27,33885,2,56,68788,0,0,0
596,9160310602, Connecticut, Northwest Hills Planning Region,Census Tract 3106.02,6133422,0,0,0,1,0,0,1,0,0,Middle third,44,1,8577.828,75,17.183,Upper third,92,1,4786.975,11,10.442,4005,9.56,0.02,87.34,0.95,0,2.12,77414,14.9,83.5,50.6,4,5,6708,0,0,0,1,15,18714,0,0,0
597,9190250100, Connecticut, Western Connecticut Planning Region,Census Tract 2501,42478578,2360514,0,0,1,0,0,1,0,0,Middle third,44,1,8577.828,75,17.183,Upper third,92,1,4786.975,11,10.442,1701,1.94,1.12,94.65,0.53,0,1.76,149643,1.9,89.1,3.8,15,251,308120,1,6,7431,5,265,325744,0,0,0
598,9160265100, Connecticut, Northwest Hills Planning Region,Census Tract 2651,68132140,3219783,0,0,1,0,0,1,0,0,Middle third,44,1,8577.828,75,17.183,Upper third,92,1,4786.975,11,10.442,1533,24.4,3.39,64.64,5.41,0,2.15,130156,3.1,92.4,10.5,18,229,280906,1,36,44334,1,30,38006,0,0,0
599,9190253100, Connecticut, Western Connecticut Planning Region,Census Tract 2531,5075728,0,1,0,1,100,0,1,0,99.91,Middle third,44,1,8577.828,75,17.183,Upper third,92,1,4786.975,11,10.442,3352,12.74,1.88,76.07,6.18,0.21,2.92,63260,8.8,64.5,60.9,1,0,0,0,0,0,2,264,324566,0,0,0
600,9140345400, Connecticut, Naugatuck Valley Planning Region,Census Tract 3454,6960046,37266,0,0,1,0,0,1,0,0,Middle third,51,4,13815.777,53,13.983,Upper third,93,2,5420.8,10,9.374,6541,12.55,13.87,60.74,2.02,0,10.82,84702,8.4,75.7,59.4,11,1563,1917942,0,0,0,3,1565,1919941,0,0,0
601,9140346101, Connecticut, Naugatuck Valley Planning Region,Census Tract 3461.01,36321510,758418,0,0,1,0,0,1,0,0,Middle third,51,4,13815.777,53,13.983,Upper third,93,2,5420.8,10,9.374,6692,3.57,0.33,86.66,7.28,0,2.17,110352,0.6,94.1,3.9,28,1041,1277479,1,0,0,1,35,43230,0,0,0
"199	9110502700	 Connecticut	 Capitol Planning Region	Census Tract 5027	1011637	0	1	0	4	100	0	1	10	100	Middle third	45	3	9661.516	63	15.317	Upper third	89	0	3823.465	11	10.327	5074	42.04	13.99	33.84	5.52	0.06	4.55	30423	30.2	8.8	97.2	4	586	718977	0	0	0	5	1447	1775545	1	215	263761",,,,,,,,,,,,,,,,,,,,,,,,,,,,,,,,,,,,,,,,,,,,,,,,,
