	GEOID	StateName	CountyName	TractName	ALAND	AWATER	N_Adders	IRA_ec	Brownfield	IRA_LIC_C1	IRA_LIC_TL	HUD_Count	IRA_LIC_AS	IRA_CEJST	Com_npv_map	NPV_com_na	NPV_com_st	NPV_com_m	PB_com_na	PB_com_m	Res_npv_map	NPV_res_na	NPV_res_st	NPV_res_m	PB_res_na	PB_res_m	Total_Pop	P_Hispanic	P_nh_Black	P_nh_White	P_nh_Asian	P_nh_Native	P_nh_Other	Median_inc	P_Poverty	P_OwnerOcc	SVI	GOV1_count	GOV1_kW_ca	GOV1_kWh_p	GOV2_count	GOV2_kW_ca	GOV2_kWh_p	EDU1_count	EDU1_kW_ca	EDU1_kWh_p	EDU2_count	EDU2_kW_ca	EDU2_kWh_p
0	9110535200	 Connecticut	 Capitol Planning Region	Census Tract 5352	43206583	1355239	0	0	1	0	0	1	0	0	Lower third	36	1	5097.789	71	16.383	Upper third	94	3	5605.424	11	10.25	6664	10.8	3.66	77.76	5.81	0.09	1.88	134254	4.7	79.8	17.9	22	56	69487	1	325	399561	3	500	613776	0	0	0
1	9110881200	 Connecticut	 Capitol Planning Region	Census Tract 8812	2273066	28584	1	0	1	100	0	1	0	0	Lower third	36	1	5097.789	71	16.383	Upper third	94	3	5605.424	11	10.25	10590	5.1	3.83	68.82	17.69	0	4.56		66.3	26.3	27.5	21	1117	1370121	1	22	27851	4	1886	2313333	13	2437	2988773
2	9110530600	 Connecticut	 Capitol Planning Region	Census Tract 5306	16672149	772475	0	0	1	0	0	1	0	0	Lower third	36	1	5097.789	71	16.383	Upper third	94	3	5605.424	11	10.25	2535	4.14	0	92.94	0.55	0	2.37	130685	2.4	96.3	3.5	15	200	245709	0	0	0	0	0	0	0	0	0
3	9110881300	 Connecticut	 Capitol Planning Region	Census Tract 8813	23672163	171344	1	0	1	100	0	1	0	0	Lower third	36	1	5097.789	71	16.383	Upper third	94	3	5605.424	11	10.25	5739	7.02	4.48	70.73	15.26	0.12	2.39	48576	36.2	51.9	54.9	23	271	333323	1	37	45756	4	462	567038	0	0	0
4	9110538100	 Connecticut	 Capitol Planning Region	Census Tract 5381	1637915	0	0	0	1	0	0	1	0	0	Lower third	36	1	5097.789	71	16.383	Upper third	94	3	5605.424	11	10.25	1167	26.74	38.65	34.28	0	0	0.34					0	0	0	0	0	0	1	5	7321	0	0	0
5	9110860100	 Connecticut	 Capitol Planning Region	Census Tract 8601	55355052	1587988	0	0	1	0	0	1	0	0	Lower third	36	1	5097.789	71	16.383	Upper third	94	3	5605.424	11	10.25	5280	5.36	1.86	86.23	0	0	6.55	124311	6.2	85.7	19.2	39	1982	2431546	1	505	620055	4	948	1163436	0	0	0
6	9110538202	 Connecticut	 Capitol Planning Region	Census Tract 5382.02	33412147	87978	0	0	1	0	0	1	0	0	Lower third	36	1	5097.789	71	16.383	Upper third	94	3	5605.424	11	10.25	4019	4.95	0	82.06	0	0	12.99	99583	2.3	86.4	22.4	30	544	667382	1	15	19450	0	0	0	0	0	0
7	9110840100	 Connecticut	 Capitol Planning Region	Census Tract 8401	86230085	582494	0	0	1	0	0	1	0	0	Lower third	36	1	5097.789	71	16.383	Upper third	94	3	5605.424	11	10.25	5586	4.74	0.81	83.6	6.09	0	4.76	85893	13.5	64.8	36.6	20	454	557202	4	67	83039	3	663	813139	0	0	0
8	9110502800	 Connecticut	 Capitol Planning Region	Census Tract 5028	472294	0	1	0	1	100	0	2	100	100	Middle third	45	3	9661.516	63	15.317	Upper third	89	0	3823.465	11	10.327	3035	76.21	18.25	5.04	0	0	0.49	30873	35.4	2.5	99	13	557	683767	1	60	74749	0	0	0	0	0	0
9	9110502900	 Connecticut	 Capitol Planning Region	Census Tract 5029	802325	0	1	0	1	100	0	2	10	100	Middle third	45	3	9661.516	63	15.317	Upper third	89	0	3823.465	11	10.327	2876	78.82	4.8	11.86	4.1	0	0.42	58705	21.4	12.6	88.7	3	372	457312	0	0	0	1	129	158475	0	0	0
10	9110502500	 Connecticut	 Capitol Planning Region	Census Tract 5025	5416253	343915	1	0	4	100	0	1	100	99.96	Middle third	45	3	9661.516	63	15.317	Upper third	89	0	3823.465	11	10.327	1828	69.2	13.24	14.82	1.59	0.16	0.98	30469	27.3	17.8	96.7	25	2331	2859388	0	0	0	6	1863	2285114	0	0	0
11	9110503000	 Connecticut	 Capitol Planning Region	Census Tract 5030	484878	0	1	0	1	100	0	4	90	87.75	Middle third	45	3	9661.516	63	15.317	Upper third	89	0	3823.465	11	10.327	2829	70.1	20.82	7.6	1.1	0	0.39	24891	37.2	10.2	99.7	21	2336	2865728	4	157	193489	4	572	701807	0	0	0
12	9110502600	 Connecticut	 Capitol Planning Region	Census Tract 5026	546761	0	1	0	1	100	0	1	100	100	Middle third	45	3	9661.516	63	15.317	Upper third	89	0	3823.465	11	10.327	3772	68.05	20.23	10.29	0.45	0	0.98	64625	18	30.7	86	0	0	0	0	0	0	1	165	202368	0	0	0
13	9110497300	 Connecticut	 Capitol Planning Region	Census Tract 4973	5311033	1328	0	0	1	0	0	1	0	0	Middle third	45	3	9661.516	63	15.317	Upper third	89	0	3823.465	11	10.327	5132	7.64	7.79	69.41	10.62	0	4.54	167353	1.2	85.6	34.3	3	981	1204091	0	0	0	3	536	658478	1	229	281765
14	9110497400	 Connecticut	 Capitol Planning Region	Census Tract 4974	4056597	6237	0	0	1	0	0	1	0	0	Middle third	45	3	9661.516	63	15.317	Upper third	89	0	3823.465	11	10.327	4078	7.23	3.43	83.47	4.46	0	1.4	208438	1.1	95.1	4.7	5	549	674421	0	0	0	8	1348	1653861	0	0	0
15	9110497500	 Connecticut	 Capitol Planning Region	Census Tract 4975	3828604	10090	0	0	1	0	0	3	0	0	Middle third	45	3	9661.516	63	15.317	Upper third	89	0	3823.465	11	10.327	3941	9.36	8.55	64.83	13.42	0	3.83	122656	3.5	69	44.5	26	799	980985	0	0	0	10	2745	3366639	0	0	0
16	9110497600	 Connecticut	 Capitol Planning Region	Census Tract 4976	1791701	0	0	0	1	0	0	1	0	0	Middle third	45	3	9661.516	63	15.317	Upper third	89	0	3823.465	11	10.327	2280	3.29	0	78.33	11.32	0	7.06	148438	5.1	70.8	9	7	152	186719	0	0	0	3	515	631829	0	0	0
17	9110503700	 Connecticut	 Capitol Planning Region	Census Tract 5037	607129	0	1	0	3	100	0	1	100	100	Middle third	45	3	9661.516	63	15.317	Upper third	89	0	3823.465	11	10.327	2599	13.58	81.15	1.96	0	0	3.31	33550	38.3	25.7	98.1	10	490	601402	0	0	0	0	0	0	0	0	0
18	9110503800	 Connecticut	 Capitol Planning Region	Census Tract 5038	1838651	10746	1	0	1	100	0	1	0	99.98	Middle third	45	3	9661.516	63	15.317	Upper third	89	0	3823.465	11	10.327	3174	8.57	21.01	62.51	3.81	0	4.1	6955	69.2	18.6	43.8	2	848	1040956	0	0	0	2	1425	1748686	0	0	0
19	9110503900	 Connecticut	 Capitol Planning Region	Census Tract 5039	1674647	0	1	0	1	100	0	1	0	0.37	Middle third	45	3	9661.516	63	15.317	Upper third	89	0	3823.465	11	10.327	4652	7.63	81.9	6.96	0	0	3.5	55028	8	68.2	70.1	5	566	695098	0	0	0	6	883	1083315	0	0	0
20	9110504000	 Connecticut	 Capitol Planning Region	Census Tract 5040	1062805	0	1	0	1	100	0	1	0	0.81	Middle third	45	3	9661.516	63	15.317	Upper third	89	0	3823.465	11	10.327	2973	2.42	93.88	1.38	0	0	2.32	64539	11.6	58.2	54.7	1	0	0	0	0	0	3	406	498359	0	0	0
21	9110503500	 Connecticut	 Capitol Planning Region	Census Tract 5035	223439	0	1	0	1	100	0	1	100	100	Middle third	45	3	9661.516	63	15.317	Upper third	89	0	3823.465	11	10.327	1493	28.94	67.58	0.94	0	0	2.55	51842	8.8	24.7	83	6	26	32021	0	0	0	0	0	0	0	0	0
22	9110890100	 Connecticut	 Capitol Planning Region	Census Tract 8901	8850574	40014	1	0	3	100	0	1	0	0	Lower third	36	1	5097.789	71	16.383	Upper third	94	3	5605.424	11	10.25	3912	9.3	0.05	86.58	0	0	4.06	69792	8.7	61.6	41.7	23	1373	1684595	1	318	391148	4	1128	1384384	0	0	0
23	9110538201	 Connecticut	 Capitol Planning Region	Census Tract 5382.01	38651100	216049	0	0	2	0	0	1	0	0	Lower third	36	1	5097.789	71	16.383	Upper third	94	3	5605.424	11	10.25	4900	1.53	0	96.8	0	0	1.67	106900	1.8	91.3	8.6	26	794	974558	4	186	228502	9	2522	3093446	0	0	0
24	9110533102	 Connecticut	 Capitol Planning Region	Census Tract 5331.02	36307158	151626	0	0	1	0	0	1	0	0	Lower third	36	1	5097.789	71	16.383	Upper third	94	3	5605.424	11	10.25	5619	8.49	0	83.06	2.01	0	6.44	122632	7.4	93.3	4	64	3685	4520216	2	45	56058	3	2400	2943973	0	0	0
25	9110890204	 Connecticut	 Capitol Planning Region	Census Tract 8902.04	48207064	1129952	0	0	1	0	0	1	0	0	Lower third	36	1	5097.789	71	16.383	Upper third	94	3	5605.424	11	10.25	2627	2.02	0.04	89.46	0.42	1.6	6.47	91964	9.4	76	28.4	20	364	447059	0	0	0	1	173	213344	0	0	0
26	9150890203	 Connecticut	 Northeastern Connecticut Planning Region	Census Tract 8902.03	74720104	2514328	0	0	1	0	0	1	0	0	Lower third	36	1	5097.789	71	16.383	Upper third	94	3	5605.424	11	10.25	917	12.98	0	83.1	0.98	0.98	1.96	100547	4.5	95	6.3	13	238	291932	0	0	0	1	0	0	0	0	0
27	9110504200	 Connecticut	 Capitol Planning Region	Census Tract 5042	1168181	0	1	0	1	100	0	2	0	100	Middle third	45	3	9661.516	63	15.317	Upper third	89	0	3823.465	11	10.327	5417	35.89	28.19	30.88	0	0.65	4.39	32139	37.8	10.9	95.9	7	1527	1873338	0	0	0	3	162	198701	0	0	0
28	9110504300	 Connecticut	 Capitol Planning Region	Census Tract 5043	727281	0	1	0	1	100	0	1	100	100	Middle third	45	3	9661.516	63	15.317	Upper third	89	0	3823.465	11	10.327	1994	72.17	8.68	17.55	1	0	0.6	37037	25.7	7.2	95.2	6	37	45928	0	0	0	2	418	512757	0	0	0
29	9110504500	 Connecticut	 Capitol Planning Region	Census Tract 5045	772018	0	1	0	1	100	0	1	100	100	Middle third	45	3	9661.516	63	15.317	Upper third	89	0	3823.465	11	10.327	3482	80.1	13.12	5.74	1.03	0	0	41667	27	34.3	90	2	5	6708	0	0	0	1	4	5285	0	0	0
30	9110504100	 Connecticut	 Capitol Planning Region	Census Tract 5041	286070	0	1	0	1	100	0	1	100	100	Middle third	45	3	9661.516	63	15.317	Upper third	89	0	3823.465	11	10.327	1555	60.9	26.37	3.92	5.66	0	3.15	46964	41.4	17.1	89.9	6	70	87062	0	0	0	3	462	566731	0	0	0
31	9110504900	 Connecticut	 Capitol Planning Region	Census Tract 5049	1556383	0	1	0	3	100	0	1	100	100	Middle third	45	3	9661.516	63	15.317	Upper third	89	0	3823.465	11	10.327	4731	70.18	18.2	10.95	0	0	0.68	49710	22.8	41.5	92.1	12	798	979145	0	0	0	3	631	774802	0	0	0
32	9110400300	 Connecticut	 Capitol Planning Region	Census Tract 4003	15600303	409091	0	0	3	0	0	1	0	0	Middle third	45	3	9661.516	63	15.317	Upper third	89	0	3823.465	11	10.327	6688	7.7	0	88.25	3.29	0	0.76	117163	5	85.8	23.1	95	1793	2198935	3	219	269243	5	945	1159769	0	0	0
33	9110510100	 Connecticut	 Capitol Planning Region	Census Tract 5101	3245773	507182	1	0	1	100	0	1	0	0	Middle third	45	3	9661.516	63	15.317	Upper third	89	0	3823.465	11	10.327	1996	28.31	34.57	27.71	6.11	0	3.31	47656	11.9	52.1	81	5	25	30696	0	0	0	0	0	0	0	0	0
34	9140405700	 Connecticut	 Naugatuck Valley Planning Region	Census Tract 4057	3590066	77261	1	0	2	100	0	1	100	99.69	Middle third	45	3	9661.516	63	15.317	Upper third	89	0	3823.465	11	10.327	2275	26.42	8.88	43.08	0	0.26	21.36	52034	17.7	44.3	78.6	15	769	944266	0	0	0	1	115	141072	0	0	0
35	9110510200	 Connecticut	 Capitol Planning Region	Census Tract 5102	2904213	309925	1	0	1	100	0	1	0	100	Middle third	45	3	9661.516	63	15.317	Upper third	89	0	3823.465	11	10.327	2303	42.9	21.54	29.66	5.6	0.3	0	50972	18.8	40.5	89.9	6	542	665702	0	0	0	4	713	875490	0	0	0
36	9110510400	 Connecticut	 Capitol Planning Region	Census Tract 5104	2702880	87828	1	0	3	100	0	1	0	100	Middle third	45	3	9661.516	63	15.317	Upper third	89	0	3823.465	11	10.327	5963	50.18	29.23	17.46	1.59	0	1.54	53352	21.1	24.5	85.3	13	739	906971	2	36	44616	5	543	666572	0	0	0
37	9110510300	 Connecticut	 Capitol Planning Region	Census Tract 5103	2388033	0	1	0	1	100	0	2	0	100	Middle third	45	3	9661.516	63	15.317	Upper third	89	0	3823.465	11	10.327	3878	44.07	34.58	18.33	0.36	0	2.66	41640	10.7	48	85.8	1	2890	3544541	0	0	0	2	1020	1251381	0	0	0
38	9110492400	 Connecticut	 Capitol Planning Region	Census Tract 4924	3008123	3059	0	0	1	0	0	1	0	0	Middle third	45	3	9661.516	63	15.317	Upper third	89	0	3823.465	11	10.327	2897	11.63	1.04	80.67	2.42	0	4.25	105613	5.2	98.6	11.6	1	11	14263	0	0	0	2	773	949196	0	0	0
39	9140405200	 Connecticut	 Naugatuck Valley Planning Region	Census Tract 4052	3624472	0	0	0	1	0	0	1	0	0	Middle third	45	3	9661.516	63	15.317	Upper third	89	0	3823.465	11	10.327	4392	15.12	2.91	62.8	14.55	0	4.62	74900	9.3	68.8	56.6	7	60	74540	0	0	0	6	1121	1375726	0	0	0
40	9190022201	 Connecticut	 Western Connecticut Planning Region	Census Tract 222.01	598429	0	2	100	2	100	0	1	0	0	Middle third	44	2	8823.047	70	15.967	Upper third	95	4	7913.296	9	9.224	3351	38.5	12.15	34.83	9.28	0	5.25	116201	18.3	0	80.8	5	27	33542	0	0	0	2	82	101484	0	0	0
41	9190022202	 Connecticut	 Western Connecticut Planning Region	Census Tract 222.02	842319	228812	2	100	1	100	0	1	0	8.46	Middle third	44	2	8823.047	70	15.967	Upper third	95	4	7913.296	9	9.224	5030	31.23	22.45	41.05	3.42	0.26	1.59	105464	5.7	11	70.5	4	113	138816	1	120	147192	0	0	0	0	0	0
42	9190022101	 Connecticut	 Western Connecticut Planning Region	Census Tract 221.01	566408	0	2	100	18	100	0	1	0	100	Middle third	44	2	8823.047	70	15.967	Upper third	95	4	7913.296	9	9.224	2935	69.61	5.83	9.1	11.93	0	3.54	43750	23.4	54.6	93.6	1	62	76600	0	0	0	2	470	576959	0	0	0
43	9190022102	 Connecticut	 Western Connecticut Planning Region	Census Tract 221.02	1453419	311983	2	100	1	100	0	2	0	100	Middle third	44	2	8823.047	70	15.967	Upper third	95	4	7913.296	9	9.224	4437	43.27	21.16	33.69	1.06	0.45	0.36	103233	4.5	39.7	66	10	1686	2068814	2	64	78587	1	49	61258	0	0	0
44	9190020302	 Connecticut	 Western Connecticut Planning Region	Census Tract 203.02	7879420	102459	1	100	1	0	0	1	0	0	Middle third	44	2	8823.047	70	15.967	Upper third	95	4	7913.296	9	9.224	3315	8.36	9.65	73.18	5.46	0	3.35	"250,000+"	3.8	89.8	1.5	0	0	0	1	41	50576	2	176	216422	0	0	0
45	9190020301	 Connecticut	 Western Connecticut Planning Region	Census Tract 203.01	11795062	765749	1	100	1	0	0	1	0	0	Middle third	44	2	8823.047	70	15.967	Upper third	95	4	7913.296	9	9.224	3429	15.72	2.62	69.12	3.85	0	8.69	186152	1.5	92	5	2	29	35688	0	0	0	4	660	810319	0	0	0
46	9110415300	 Connecticut	 Capitol Planning Region	Census Tract 4153	541180	0	1	0	1	100	0	1	100	100	Middle third	45	3	9661.516	63	15.317	Upper third	89	0	3823.465	11	10.327	2621	63.37	12.82	23.58	0.23	0	0	42569	31.5	18.3	92.8	16	761	933486	0	0	0	0	0	0	0	0	0
47	9110492500	 Connecticut	 Capitol Planning Region	Census Tract 4925	3223856	0	0	0	1	0	0	1	0	0	Middle third	45	3	9661.516	63	15.317	Upper third	89	0	3823.465	11	10.327	3431	2.89	3.67	90.7	1.89	0	0.85	141047	1.8	94.8	3.4	0	0	0	0	0	0	4	628	771037	0	0	0
48	9110494100	 Connecticut	 Capitol Planning Region	Census Tract 4941	5044537	0	0	0	1	0	0	1	0	0	Middle third	45	3	9661.516	63	15.317	Upper third	89	0	3823.465	11	10.327	5923	12.44	3.28	63.28	11.04	0	9.96	100951	10	70.8	24.7	9	620	761508	0	0	0	6	529	649550	0	0	0
49	9110494201	 Connecticut	 Capitol Planning Region	Census Tract 4942.01	6056904	0	0	0	1	0	0	1	0	0	Middle third	45	3	9661.516	63	15.317	Upper third	89	0	3823.465	11	10.327	4489	3.21	3.25	88.19	3.36	0	1.98	97474	6	80.8	33.7	2	0	0	0	0	0	4	1630	1999927	0	0	0
50	9110494202	 Connecticut	 Capitol Planning Region	Census Tract 4942.02	2490307	0	0	0	1	0	0	1	0	0	Middle third	45	3	9661.516	63	15.317	Upper third	89	0	3823.465	11	10.327	2731	3.37	0.62	79.06	13.91	0	3.04	114500	1	62.8	18.2	2	0	0	0	0	0	0	0	0	0	0	0
51	9110494300	 Connecticut	 Capitol Planning Region	Census Tract 4943	5139139	0	0	0	1	0	0	1	0	0	Middle third	45	3	9661.516	63	15.317	Upper third	89	0	3823.465	11	10.327	4368	13.76	7.23	73.97	1.76	0	3.27	104009	4.8	86.3	13.3	14	124	152895	0	0	0	1	459	563052	0	0	0
52	9110510700	 Connecticut	 Capitol Planning Region	Census Tract 5107	3261994	0	1	0	1	100	0	1	0	0	Middle third	45	3	9661.516	63	15.317	Upper third	89	0	3823.465	11	10.327	4460	33.77	14.06	46.32	3.72	0	2.13	80168	10.2	68.6	68.8	0	0	0	0	0	0	2	327	402099	0	0	0
53	9110510900	 Connecticut	 Capitol Planning Region	Census Tract 5109	3226464	0	0	0	1	0	0	1	0	0	Middle third	45	3	9661.516	63	15.317	Upper third	89	0	3823.465	11	10.327	3807	24.35	19.88	51.09	2.84	0	1.84	90950	10	96	30.4	0	0	0	0	0	0	4	388	476824	0	0	0
54	9110510800	 Connecticut	 Capitol Planning Region	Census Tract 5108	2760820	579025	1	0	5	100	0	1	0	0	Middle third	45	3	9661.516	63	15.317	Upper third	89	0	3823.465	11	10.327	3287	35.84	13.69	45.82	0.76	0	3.89	68264	9.6	72.4	76.9	7	341	418509	0	0	0	3	231	283470	0	0	0
55	9110502300	 Connecticut	 Capitol Planning Region	Census Tract 5023	1726136	11391	1	0	1	100	0	1	0	100	Middle third	45	3	9661.516	63	15.317	Upper third	89	0	3823.465	11	10.327	5520	47.97	26.5	25.24	0.29	0	0	66781	15.1	62.8	78.4	9	543	666928	0	0	0	3	909	1114907	0	0	0
56	9110415500	 Connecticut	 Capitol Planning Region	Census Tract 4155	1136293	0	1	0	1	100	0	1	100	100	Middle third	45	3	9661.516	63	15.317	Upper third	89	0	3823.465	11	10.327	3245	48.97	5.58	28.1	1.82	0	15.53	45547	23.5	34.9	90.9	2	35	43009	0	0	0	0	0	0	0	0	0
57	9110415600	 Connecticut	 Capitol Planning Region	Census Tract 4156	1270379	0	1	0	1	100	0	1	0	90.42	Middle third	45	3	9661.516	63	15.317	Upper third	89	0	3823.465	11	10.327	4303	49.48	23.7	24.68	0	0	2.14	39722	23	24.9	97.2	11	387	474629	0	0	0	5	1738	2132059	0	0	0
58	9110415700	 Connecticut	 Capitol Planning Region	Census Tract 4157	1273956	35674	1	0	1	100	0	1	0	1	Middle third	45	3	9661.516	63	15.317	Upper third	89	0	3823.465	11	10.327	3290	46.99	5.47	43.71	0	0.3	3.53	56321	9.2	52.5	81.6	8	349	428222	0	0	0	2	164	202159	0	0	0
59	9110415800	 Connecticut	 Capitol Planning Region	Census Tract 4158	1375333	0	1	0	1	100	0	1	0	98.68	Middle third	45	3	9661.516	63	15.317	Upper third	89	0	3823.465	11	10.327	2775	40.9	16.47	38.59	0	0	4.04	36122	29.6	45.1	99	9	70	86743	0	0	0	0	0	0	0	0	0
60	9110415900	 Connecticut	 Capitol Planning Region	Census Tract 4159	651125	0	1	0	3	100	0	1	100	100	Middle third	45	3	9661.516	63	15.317	Upper third	89	0	3823.465	11	10.327	1437	52.33	13.78	27.49	0	0	6.4	38036	37.6	7.1	96.1	12	814	998988	0	0	0	1	816	1000852	0	0	0
61	9110416000	 Connecticut	 Capitol Planning Region	Census Tract 4160	812079	0	1	0	1	100	0	1	100	100	Middle third	45	3	9661.516	63	15.317	Upper third	89	0	3823.465	11	10.327	4738	43.98	0.84	51.08	0	0	4.09	42667	21.7	24	84.4	2	27	33542	0	0	0	3	128	157849	0	0	0
62	9110416100	 Connecticut	 Capitol Planning Region	Census Tract 4161	896459	0	1	0	4	100	0	2	100	100	Middle third	45	3	9661.516	63	15.317	Upper third	89	0	3823.465	11	10.327	5017	52.28	9.83	29.98	7.49	0	0.42	42927	30.1	24.3	96.7	9	66	81347	1	19	23976	0	0	0	0	0	0
63	9110494400	 Connecticut	 Capitol Planning Region	Census Tract 4944	4333137	0	0	0	1	0	0	3	0	0	Middle third	45	3	9661.516	63	15.317	Upper third	89	0	3823.465	11	10.327	4671	9.25	7.54	74.31	6.85	0	2.06	99426	12.6	80.9	47.1	12	901	1105685	3	616	756063	7	431	528958	0	0	0
64	9110494500	 Connecticut	 Capitol Planning Region	Census Tract 4945	5166312	0	0	0	1	0	0	1	0	0	Middle third	45	3	9661.516	63	15.317	Upper third	89	0	3823.465	11	10.327	4754	20.4	5.07	63.32	5.45	0	5.76	101250	7.9	82.8	51.3	7	445	546005	0	0	0	5	934	1146549	0	0	0
65	9110502400	 Connecticut	 Capitol Planning Region	Census Tract 5024	733061	0	1	0	1	100	0	1	100	100	Middle third	45	3	9661.516	63	15.317	Upper third	89	0	3823.465	11	10.327	6656	67.5	18.92	11.18	1.85	0	0.56	50804	31.6	21.5	92.9	1	23	29323	0	0	0	2	59	73400	0	0	0
66	9110416200	 Connecticut	 Capitol Planning Region	Census Tract 4162	555678	0	1	0	6	100	0	2	100	100	Middle third	45	3	9661.516	63	15.317	Upper third	89	0	3823.465	11	10.327	2911	71.9	10.07	16.73	0.76	0	0.55	31202	27	11.7	95.4	9	364	446838	0	0	0	1	394	483716	0	0	0
67	9110416300	 Connecticut	 Capitol Planning Region	Census Tract 4163	1830592	0	1	0	1	100	0	1	100	100	Middle third	45	3	9661.516	63	15.317	Upper third	89	0	3823.465	11	10.327	4533	61.59	11.6	25.48	0	0	1.32	47609	25.8	39.4	92	9	132	162485	0	0	0	0	0	0	0	0	0
68	9110416400	 Connecticut	 Capitol Planning Region	Census Tract 4164	4479730	19980	0	0	1	0	0	1	0	0	Middle third	45	3	9661.516	63	15.317	Upper third	89	0	3823.465	11	10.327	3185	17.77	14.1	63.39	2.29	0.03	2.42	119360	5	78.3	27.6	12	818	1004409	0	0	0	4	766	940084	0	0	0
69	9110416600	 Connecticut	 Capitol Planning Region	Census Tract 4166	1598492	0	1	0	1	100	0	1	100	100	Middle third	45	3	9661.516	63	15.317	Upper third	89	0	3823.465	11	10.327	3171	63.23	4.51	25.32	2.55	0	4.38	47500	19.3	28.1	98.4	1	5	7113	0	0	0	1	233	286707	0	0	0
70	9110416700	 Connecticut	 Capitol Planning Region	Census Tract 4167	2626365	0	1	0	1	100	0	1	0	99.97	Middle third	45	3	9661.516	63	15.317	Upper third	89	0	3823.465	11	10.327	6481	50.08	11.09	34.53	2.45	0	1.84	62792	24.1	57.6	81.7	7	442	543086	0	0	0	3	565	693198	0	0	0
71	9110416800	 Connecticut	 Capitol Planning Region	Census Tract 4168	1192733	0	1	0	1	100	0	1	0	0	Middle third	45	3	9661.516	63	15.317	Upper third	89	0	3823.465	11	10.327	3394	32.7	26.25	36.15	4.01	0	0.88	77875	12.2	56.7	55.2	1	0	0	0	0	0	0	0	0	0	0	0
72	9110417100	 Connecticut	 Capitol Planning Region	Census Tract 4171	1168124	0	1	0	2	100	0	3	100	100	Middle third	45	3	9661.516	63	15.317	Upper third	89	0	3823.465	11	10.327	1664	48.38	13.4	33.23	0	1.44	3.55	33205	34.2	4.8	98.4	22	3330	4084623	4	317	388781	2	546	670252	0	0	0
73	9110417400	 Connecticut	 Capitol Planning Region	Census Tract 4174	2735371	46990	0	0	1	0	0	1	0	0	Middle third	45	3	9661.516	63	15.317	Upper third	89	0	3823.465	11	10.327	3153	14.75	13.67	55.92	11.7	0	3.96	87328	10.5	34.9	55.7	8	83	102772	0	0	0	1	15	18825	0	0	0
74	9110417500	 Connecticut	 Capitol Planning Region	Census Tract 4175	3567470	84740	1	0	1	100	0	1	0	0	Middle third	45	3	9661.516	63	15.317	Upper third	89	0	3823.465	11	10.327	4213	23.78	3.54	61.24	7.93	0	3.51	85000	6.5	70.9	45.5	12	1217	1493522	0	0	0	4	306	375339	0	0	0
75	9130590102	 Connecticut	 Lower Connecticut River Valley Planning Region	Census Tract 5901.02	60366785	632142	0	0	1	0	0	1	0	0	Lower third	38	1	5841.73	24	10.933	Upper third	93	2	5108.783	12	10.71	4487	1.81	1.49	87.03	8.02	0	1.65	111071	3.5	92.1	21.2	5	58	71658	0	0	0	4	1356	1663464	0	0	0
76	9130680102	 Connecticut	 Lower Connecticut River Valley Planning Region	Census Tract 6801.02	10803050	14350388	0	0	2	0	0	1	0	0	Lower third	38	1	5841.73	24	10.933	Upper third	93	2	5108.783	12	10.71	3682	8.88	1.47	76.86	0	0	12.79	69449	3.7	68	73	15	381	467258	2	163	200589	5	862	1057720	0	0	0
77	9130630101	 Connecticut	 Lower Connecticut River Valley Planning Region	Census Tract 6301.01	16730087	345298	0	0	1	0	0	1	0	0	Lower third	38	1	5841.73	24	10.933	Upper third	93	2	5108.783	12	10.71	3899	2.92	3.21	88.18	3.95	0	1.74	96273	3.6	67.8	12.9	1	0	0	0	0	0	4	320	392509	0	0	0
78	9130590101	 Connecticut	 Lower Connecticut River Valley Planning Region	Census Tract 5901.01	53429271	5442244	0	0	6	0	0	1	0	0	Lower third	38	1	5841.73	24	10.933	Upper third	93	2	5108.783	12	10.71	4005	5.54	0	87.77	2.45	0.32	3.92	130974	3.4	83.6	18	18	749	918966	3	115	141158	2	286	351706	0	0	0
79	9130680101	 Connecticut	 Lower Connecticut River Valley Planning Region	Census Tract 6801.01	30040880	604541	0	0	1	0	0	1	0	0	Lower third	38	1	5841.73	24	10.933	Upper third	93	2	5108.783	12	10.71	3134	18.38	1.02	75.49	4.28	0	0.83	98566	5.2	97	3.3	21	1240	1520736	2	58	71830	2	26	32364	0	0	0
80	9130541301	 Connecticut	 Lower Connecticut River Valley Planning Region	Census Tract 5413.01	1065043	0	1	0	1	100	0	1	0	0	Lower third	38	1	5841.73	24	10.933	Upper third	93	2	5108.783	12	10.71	2120	7.88	4.06	65.66	19.1	0	3.3	72188	14.8	31.7	3.2												
81	9130541302	 Connecticut	 Lower Connecticut River Valley Planning Region	Census Tract 5413.02	1090277	0	1	0	1	100	0	1	0	0	Lower third	38	1	5841.73	24	10.933	Upper third	93	2	5108.783	12	10.71	3845	10.2	17.89	58.52	9.15	0	4.24	80919	12.4	32	49.6												
82	9130630102	 Connecticut	 Lower Connecticut River Valley Planning Region	Census Tract 6301.02	10212089	3418887	0	0	1	0	0	1	0	0	Lower third	38	1	5841.73	24	10.933	Upper third	93	2	5108.783	12	10.71	2855	1.75	0	91.98	2.87	0	3.4	111250	7.5	85.6	3.8	2	60	73817	2	164	202257	1	16	19904	0	0	0
83	9110504800	 Connecticut	 Capitol Planning Region	Census Tract 5048	1491762	10384	1	0	1	100	0	1	100	100	Middle third	45	3	9661.516	63	15.317	Upper third	89	0	3823.465	11	10.327	4604	57.71	22.15	14.44	1.13	0	4.56	61694	10.8	67.1	84	5	456	559888	0	0	0	1	291	357753	0	0	0
84	9110420500	 Connecticut	 Capitol Planning Region	Census Tract 4205	4778095	0	1	0	1	100	0	2	0	0	Middle third	45	3	9661.516	63	15.317	Upper third	89	0	3823.465	11	10.327	5170	18.78	1.2	74.72	3.56	0.02	1.72	70125	4.6	48.8	30.3	7	152	186768	2	72	88803	3	145	178367	0	0	0
85	9110430201	 Connecticut	 Capitol Planning Region	Census Tract 4302.01	6378472	0	0	0	1	0	0	1	0	0	Middle third	45	3	9661.516	63	15.317	Upper third	89	0	3823.465	11	10.327	3328	5.05	1.23	87.41	1.68	0.42	4.21	129278	1.3	92.3	29.4	16	427	524089	0	0	0	4	423	519355	0	0	0
86	9110430302	 Connecticut	 Capitol Planning Region	Census Tract 4303.02	4552528	19886	0	0	1	0	0	1	0	0	Middle third	45	3	9661.516	63	15.317	Upper third	89	0	3823.465	11	10.327	2594	3.43	3.32	86.2	2.31	0	4.74	100491	2.6	94.1	8	30	470	576984	0	0	0	2	0	0	0	0	0
87	9110430602	 Connecticut	 Capitol Planning Region	Census Tract 4306.02	3422664	0	0	0	1	0	0	1	0	0	Middle third	45	3	9661.516	63	15.317	Upper third	89	0	3823.465	11	10.327	3406	3.02	2.64	91.72	1.73	0	0.88	128750	1.8	72.9	8.9	15	205	252331	0	0	0	2	257	315184	0	0	0
88	9110497700	 Connecticut	 Capitol Planning Region	Census Tract 4977	15662803	832288	0	0	1	0	0	1	0	0	Middle third	45	3	9661.516	63	15.317	Upper third	89	0	3823.465	11	10.327	4230	3.78	3.71	75.13	12.2	0	5.18	199934	4.2	88.9	3.7	1	0	0	0	0	0	4	643	789396	0	0	0
89	9110500200	 Connecticut	 Capitol Planning Region	Census Tract 5002	389395	0	1	0	1	100	0	1	100	100	Middle third	45	3	9661.516	63	15.317	Upper third	89	0	3823.465	11	10.327	1798	62.68	22.58	4.56	5.73	0.78	3.67	28816	43.1	14.5	98.8	0	0	0	0	0	0	1	135	166729	0	0	0
90	9110500300	 Connecticut	 Capitol Planning Region	Census Tract 5003	531518	0	1	0	1	100	0	5	100	100	Middle third	45	3	9661.516	63	15.317	Upper third	89	0	3823.465	11	10.327	2193	46.24	42	10.26	0.96	0	0.55	23056	44.4	16.5	97.1	24	403	495428	0	0	0	1	0	269	0	0	0
91	9130585100	 Connecticut	 Lower Connecticut River Valley Planning Region	Census Tract 5851	61276966	395266	0	0	1	0	0	1	0	0	Lower third	38	1	5841.73	24	10.933	Upper third	93	2	5108.783	12	10.71	7197	3.03	0.08	89.13	1.58	0	6.17	148095	4.4	93.2	7.9	11	701	860761	1	63	77618	9	1942	2382122	0	0	0
92	9130610400	 Connecticut	 Lower Connecticut River Valley Planning Region	Census Tract 6104	12073364	52873	0	0	1	0	0	1	0	0	Lower third	38	1	5841.73	24	10.933	Upper third	93	2	5108.783	12	10.71	3426	5.72	0	86.37	7.12	0	0.79	135515	1.8	99.4	7.1	9	105	129581	1	0	0	1	0	0	0	0	0
93	9140125300	 Connecticut	 Naugatuck Valley Planning Region	Census Tract 1253	3245123	111625	1	0	1	100	0	1	0	0	Middle third	51	4	13815.777	53	13.983	Upper third	93	2	5420.8	10	9.374	4712	21.84	18.27	53.78	1.46	0	4.65	70938	18.1	44.5	68	10	264	324934	2	27	33186	3	844	1036271	0	0	0
94	9140125400	 Connecticut	 Naugatuck Valley Planning Region	Census Tract 1254	1937770	194211	1	0	2	100	0	1	100	99.99	Middle third	51	4	13815.777	53	13.983	Upper third	93	2	5420.8	10	9.374	3925	33.96	15.18	42.65	2.85	0	5.35	51776	17.9	42.8	79.3	6	152	187320	0	0	0	1	100	123768	0	0	0
95	9110460301	 Connecticut	 Capitol Planning Region	Census Tract 4603.01	7501112	167040	0	0	1	0	0	1	0	0	Middle third	45	3	9661.516	63	15.317	Upper third	89	0	3823.465	11	10.327	5300	3.7	0.79	76.62	14.83	0	4.06	142188	6.4	84.2	22.2	1	92	113037	0	0	0	4	1839	2255607	0	0	0
96	9110462202	 Connecticut	 Capitol Planning Region	Census Tract 4622.02	15856012	307169	0	0	1	0	0	1	0	0	Middle third	45	3	9661.516	63	15.317	Upper third	89	0	3823.465	11	10.327	2762	2.43	4.16	61.4	24.66	0	7.35	152500	4.3	63.5	20.7	6	0	0	0	0	0	1	70	86130	0	0	0
97	9110466201	 Connecticut	 Capitol Planning Region	Census Tract 4662.01	8429884	119753	0	0	1	0	0	1	0	0	Middle third	45	3	9661.516	63	15.317	Upper third	89	0	3823.465	11	10.327	2570	6.96	18.09	62.53	10.04	0	2.37	112222	18.2	52.2	57	13	148	182672	0	0	0	1	150	184757	0	0	0
98	9110466400	 Connecticut	 Capitol Planning Region	Census Tract 4664	15830305	430939	0	0	1	0	0	1	0	0	Middle third	45	3	9661.516	63	15.317	Upper third	89	0	3823.465	11	10.327	2486	5.71	0	84.55	5.91	0.88	2.94	111833	8.8	73.5	1.9	29	165	203422	0	0	0	2	252	309420	0	0	0
99	9110492100	 Connecticut	 Capitol Planning Region	Census Tract 4921	8886578	1866392	0	0	1	0	0	1	0	0	Middle third	45	3	9661.516	63	15.317	Upper third	89	0	3823.465	11	10.327	3810	11.44	1.81	81.89	0.71	0	4.15	137315	1.4	85	3.4	2	65	79777	0	0	0	4	747	917003	0	0	0
100	9170140200	 Connecticut	 South Central Connecticut Planning Region	Census Tract 1402	2025494	1619895	1	0	1	100	0	2	80	80.22	Middle third	51	4	13815.777	53	13.983	Upper third	93	2	5420.8	10	9.374	408	29.9	19.85	49.02	0	0	1.23	21797	30.1	13.1	68.9	16	1621	1988975	1	193	237418	2	1503	1844064	1	788	966562
101	9170140300	 Connecticut	 South Central Connecticut Planning Region	Census Tract 1403	719325	0	1	0	1	100	0	3	100	97.86	Middle third	51	4	13815.777	53	13.983	Upper third	93	2	5420.8	10	9.374	2675	46.69	17.46	21.12	12.11	0	2.62	48836	32.9	18	98	14	3067	3761565	2	27	34216	4	3418	4192705	1	510	626138
102	9170140400	 Connecticut	 South Central Connecticut Planning Region	Census Tract 1404	886631	472133	1	0	1	100	0	1	0	100	Middle third	51	4	13815.777	53	13.983	Upper third	93	2	5420.8	10	9.374	3584	45.37	14.4	28.01	5.33	0	6.89	76350	14.6	44.2	90	12	751	921737	1	75	92813	2	616	755769	0	0	0
103	9170140500	 Connecticut	 South Central Connecticut Planning Region	Census Tract 1405	1016311	56739	1	0	1	100	0	1	100	100	Middle third	51	4	13815.777	53	13.983	Upper third	93	2	5420.8	10	9.374	3838	55.76	24.44	16.34	0.81	0.55	2.11	45285	31.9	29.6	93.4	14	483	592903	0	0	0	5	1431	1756155	0	0	0
104	9170140600	 Connecticut	 South Central Connecticut Planning Region	Census Tract 1406	742654	0	1	0	1	100	0	5	100	100	Middle third	51	4	13815.777	53	13.983	Upper third	93	2	5420.8	10	9.374	5313	47.69	33.56	12.54	0.96	0	5.25	37485	39.8	18.2	99.5	27	338	414964	1	14	17709	3	51	62705	0	0	0
105	9170140700	 Connecticut	 South Central Connecticut Planning Region	Census Tract 1407	550604	0	1	0	1	100	0	5	100	100	Middle third	51	4	13815.777	53	13.983	Upper third	93	2	5420.8	10	9.374	3894	27.91	41.11	26.76	3.34	0	0.87	35207	34.4	2.8	87.4	8	402	493846	1	557	683472	5	894	1096978	0	0	0
106	9110492600	 Connecticut	 Capitol Planning Region	Census Tract 4926	8592444	166515	0	0	1	0	0	2	0	0	Middle third	45	3	9661.516	63	15.317	Upper third	89	0	3823.465	11	10.327	6851	11.18	3.61	82.48	1.75	0	0.98	117782	1.8	75.2	20.9	2	507	621858	0	0	0	5	1314	1612544	0	0	0
107	9110471200	 Connecticut	 Capitol Planning Region	Census Tract 4712	5811118	0	1	0	1	100	0	1	0	0	Middle third	45	3	9661.516	63	15.317	Upper third	89	0	3823.465	11	10.327	2841	4.89	75.99	12.92	3.98	0	2.22	48057	8.3	51	78.9	11	1562	1916066	2	79	97486	5	1799	2207262	0	0	0
108	9110511300	 Connecticut	 Capitol Planning Region	Census Tract 5113	1752636	41808	1	0	1	100	0	1	0	0.01	Middle third	45	3	9661.516	63	15.317	Upper third	89	0	3823.465	11	10.327	3987	42.34	33.53	16.25	4.14	0.03	3.71	44055	25.6	29.7	87.1	0	0	0	1	0	0	5	420	516277	2	1629	1998075
109	9110480800	 Connecticut	 Capitol Planning Region	Census Tract 4808	13156527	7780	0	0	1	0	0	1	0	0	Middle third	45	3	9661.516	63	15.317	Upper third	89	0	3823.465	11	10.327	4053	7.82	0.81	88.65	0	0	2.71	80216	5	80.6	27.4	12	1153	1414676	3	219	269096	8	3651	4478187	0	0	0
110	9110520400	 Connecticut	 Capitol Planning Region	Census Tract 5204	18152799	857996	0	0	1	0	0	1	0	0	Middle third	45	3	9661.516	63	15.317	Upper third	89	0	3823.465	11	10.327	7746	2.9	0.27	86.68	8.06	0	2.09	165927	1.5	95.9	8.6	42	422	518325	0	0	0	3	0	0	0	0	0
111	9110515101	 Connecticut	 Capitol Planning Region	Census Tract 5151.01	2869203	0	0	0	1	0	0	1	0	0	Middle third	45	3	9661.516	63	15.317	Upper third	89	0	3823.465	11	10.327	2606	3.76	12.01	78.59	4.68	0	0.96	113333	1.2	77	14	4	18	23142	0	0	0	3	462	566903	0	0	0
112	9110490100	 Connecticut	 Capitol Planning Region	Census Tract 4901	11165097	952432	0	0	1	0	0	1	0	0	Middle third	45	3	9661.516	63	15.317	Upper third	89	0	3823.465	11	10.327	5612	7.98	0.62	70.58	13.26	0.18	7.38	77429	3.2	62.2	54.3	42	1244	1526107	2	88	108953	8	1103	1353847	0	0	0
113	9140406002	 Connecticut	 Naugatuck Valley Planning Region	Census Tract 4060.02	3871218	0	0	0	1	0	0	1	0	0	Middle third	45	3	9661.516	63	15.317	Upper third	89	0	3823.465	11	10.327	4304	6.48	3.32	84.29	4.09	0	1.81	104302	9.5	80	17.8	3	0	0	0	0	0	4	915	1122192	0	0	0
114	9110471100	 Connecticut	 Capitol Planning Region	Census Tract 4711	2734068	0	1	0	1	100	0	1	0	0	Middle third	45	3	9661.516	63	15.317	Upper third	89	0	3823.465	11	10.327	3468	14.85	75.29	6.78	0	0	3.09	74167	12.3	73.5	41.8	6	16	19732	0	0	0	0	0	0	0	0	0
115	9110471500	 Connecticut	 Capitol Planning Region	Census Tract 4715	16750537	42414	0	0	1	0	0	1	0	0	Middle third	45	3	9661.516	63	15.317	Upper third	89	0	3823.465	11	10.327	4290	10.26	53.47	24.59	8.09	0	3.59	103564	5	61.8	71.5	4	30	36828	1	0	0	3	1248	1531381	0	0	0
116	9110473400	 Connecticut	 Capitol Planning Region	Census Tract 4734	2329556	29953	0	0	2	0	0	1	0	0	Middle third	45	3	9661.516	63	15.317	Upper third	89	0	3823.465	11	10.327	1829	7.16	15.69	69.71	0.71	0	6.72	86500	11.6	58	50.6	17	499	612930	1	27	33885	3	182	224075	0	0	0
117	9110473602	 Connecticut	 Capitol Planning Region	Census Tract 4736.02	3227130	80773	0	0	1	0	0	1	0	0	Middle third	45	3	9661.516	63	15.317	Upper third	89	0	3823.465	11	10.327	2341	12	26.27	51.35	4.4	2.22	3.76	82917	9.3	47.9	61.1	5	126	154550	0	0	0	2	293	359850	0	0	0
118	9110492200	 Connecticut	 Capitol Planning Region	Census Tract 4922	2703223	0	0	0	1	0	0	1	0	0	Middle third	45	3	9661.516	63	15.317	Upper third	89	0	3823.465	11	10.327	4187	15.72	4.66	74.25	2.39	0	2.99	122391	4.7	83.7	21.6	2	35	43279	0	0	0	9	2323	2849098	0	0	0
119	9110492300	 Connecticut	 Capitol Planning Region	Census Tract 4923	5448308	35432	0	0	1	0	0	2	0	0	Middle third	45	3	9661.516	63	15.317	Upper third	89	0	3823.465	11	10.327	6016	18.68	4.7	65.53	9.03	0.2	1.86	83028	16.9	66.4	58.3	11	824	1010578	0	0	0	6	798	979035	0	0	0
120	9110500400	 Connecticut	 Capitol Planning Region	Census Tract 5004	948719	0	1	0	7	100	0	1	100	100	Middle third	45	3	9661.516	63	15.317	Upper third	89	0	3823.465	11	10.327	1682	55.23	27.71	11.18	1.84	0	4.04	39250	29.9	8.6	97.3	30	3882	4761694	0	0	0	5	472	580062	0	0	0
121	9110501200	 Connecticut	 Capitol Planning Region	Census Tract 5012	731974	0	1	0	1	100	0	5	100	100	Middle third	45	3	9661.516	63	15.317	Upper third	89	0	3823.465	11	10.327	2836	38.65	51.66	3.63	0	0	6.06	20568	56	6.8	90.4	8	99	122468	0	0	0	2	167	204870	0	0	0
122	9110501300	 Connecticut	 Capitol Planning Region	Census Tract 5013	262251	0	1	0	1	100	0	1	100	100	Middle third	45	3	9661.516	63	15.317	Upper third	89	0	3823.465	11	10.327	1724	45.3	47.39	1.68	0	0	5.63	21855	40.8	12.8	88	17	609	747576	0	0	0	1	34	41857	0	0	0
123	9110501500	 Connecticut	 Capitol Planning Region	Census Tract 5015	1789690	13593	1	0	1	100	0	2	100	100	Middle third	45	3	9661.516	63	15.317	Upper third	89	0	3823.465	11	10.327	2985	28.44	69.48	1.07	0	0	1.01	36728	29.7	41.8	92.4	7	75	92029	0	0	0	2	230	282807	0	0	0
124	9180696401	 Connecticut	 Southeastern Connecticut Planning Region	Census Tract 6964.01	5272209	376909	1	0	3	100	0	1	100	100	Lower third	25	0	1105.953	44	13.2	Middle third	83	0	2099.579	14	11.835	4984	27.13	20.47	45.18	0.6	0.8	5.82	45043	25.5	43.8	93.8	11	240	294826	1	70	85970	1	0	0	0	0	0
125	9180696701	 Connecticut	 Southeastern Connecticut Planning Region	Census Tract 6967.01	5188295	688495	1	0	5	100	0	4	0	0	Lower third	25	0	1105.953	44	13.2	Middle third	83	0	2099.579	14	11.835	5916	18.64	7.12	55.43	11.09	0	7.72	44355	22	41.8	89.7	30	804	986209	3	135	166765	3	1330	1632326	0	0	0
126	9130660104	 Connecticut	 Lower Connecticut River Valley Planning Region	Census Tract 6601.04	9717710	8002167	0	0	1	0	0	1	0	0	Lower third	25	0	1105.953	44	13.2	Middle third	83	0	2099.579	14	11.835	1590	17.8	0	74.65	0.75	0	6.79	114306	3.5	81.4	32.2	3	50	62006	3	16	20664	0	0	0	0	0	0
127	9130660103	 Connecticut	 Lower Connecticut River Valley Planning Region	Census Tract 6601.03	20531283	315132	0	0	1	0	0	1	0	0	Lower third	25	0	1105.953	44	13.2	Middle third	83	0	2099.579	14	11.835	2629	3.54	0	90.68	0.65	0.61	4.53	121593	6.7	87.1	10.7	8	68	83885	5	13	17034	4	1101	1351173	0	0	0
128	9170140800	 Connecticut	 South Central Connecticut Planning Region	Census Tract 1408	1648799	115475	1	0	1	100	0	3	100	100	Middle third	51	4	13815.777	53	13.983	Upper third	93	2	5420.8	10	9.374	4134	21.14	58.08	13.18	5.76	0.73	1.11	33258	37.9	13.7	97.6	20	272	333764	0	0	0	1	267	328331	0	0	0
129	9170141000	 Connecticut	 South Central Connecticut Planning Region	Census Tract 1410	1896847	7050	0	0	1	0	0	1	0	0	Middle third	51	4	13815.777	53	13.983	Upper third	93	2	5420.8	10	9.374	4360	8.62	11.67	73.9	1.72	0	4.08	124306	6.1	47.6	9.7	6	65	79850	0	0	0	2	154	189638	0	0	0
130	9170141100	 Connecticut	 South Central Connecticut Planning Region	Census Tract 1411	3869431	15739	0	0	1	0	0	1	0	0	Middle third	51	4	13815.777	53	13.983	Upper third	93	2	5420.8	10	9.374	2887	9.46	27.09	52.37	6.03	0	5.06	127386	5	84.2	34.7	4	6	7836	0	0	0	1	331	406784	0	0	0
131	9140110601	 Connecticut	 Naugatuck Valley Planning Region	Census Tract 1106.01	12597022	3411	1	100	1	0	0	1	0	0	Middle third	44	2	8823.047	70	15.967	Upper third	95	4	7913.296	9	9.224	2645	3.97	0.45	84.84	10.55	0.19	0	135985	3.1	95.8	0.3	22	626	768584	0	0	0	1	0	0	0	0	0
132	9140110602	 Connecticut	 Naugatuck Valley Planning Region	Census Tract 1106.02	10307728	605373	1	100	1	0	0	1	0	0	Middle third	44	2	8823.047	70	15.967	Upper third	95	4	7913.296	9	9.224	5015	10.89	1.79	68.04	17.77	0	1.52	122821	3.9	82.7	22.3	33	185	227533	0	0	0	3	4	5506	0	0	0
133	9190035102	 Connecticut	 Western Connecticut Planning Region	Census Tract 351.02	4346949	115	1	100	1	0	0	2	0	0	Middle third	44	2	8823.047	70	15.967	Upper third	95	4	7913.296	9	9.224	3646	0.47	0.03	90.48	3.21	0	5.81	192333	3.8	82.3	3.6	7	401	491847	2	0	0	4	845	1036749	0	0	0
134	9190035101	 Connecticut	 Western Connecticut Planning Region	Census Tract 351.01	2200629	14027	1	100	1	0	0	2	0	0	Middle third	44	2	8823.047	70	15.967	Upper third	95	4	7913.296	9	9.224	4037	1.63	3.52	80.03	12.68	0	2.13	181705	1.5	58.3	39.1	11	509	624286	2	179	219525	7	779	956469	0	0	0
135	9190210502	 Connecticut	 Western Connecticut Planning Region	Census Tract 2105.02	14728981	229663	1	100	1	0	0	1	0	0.43	Middle third	44	2	8823.047	70	15.967	Upper third	95	4	7913.296	9	9.224	6353	18.13	8.61	62.57	5.07	0	5.62	106016	2.3	62.3	37	36	566	694498	1	24	29580	10	3130	3839245	0	0	0
136	9190021701	 Connecticut	 Western Connecticut Planning Region	Census Tract 217.01	259960	0	2	100	1	100	0	1	0	0.89	Middle third	44	2	8823.047	70	15.967	Upper third	95	4	7913.296	9	9.224	4646	32.54	37.04	21.52	2.82	0	6.07	54630	15.1	14.6	75.2	1	45	56353	0	0	0	0	0	0	0	0	0
137	9190021602	 Connecticut	 Western Connecticut Planning Region	Census Tract 216.02	324994	0	1	100	1	0	0	1	0	0	Middle third	44	2	8823.047	70	15.967	Upper third	95	4	7913.296	9	9.224	4886	27.06	23.39	28	19.22	0	2.33	85951	13.5	11.5	63.7	1	134	164803	2	76	94322	2	752	922522	0	0	0
138	9190021502	 Connecticut	 Western Connecticut Planning Region	Census Tract 215.02	346295	0	2	100	1	100	0	1	0	99.2	Middle third	44	2	8823.047	70	15.967	Upper third	95	4	7913.296	9	9.224	3304	43.52	44.55	4.36	7.57	0	0	64342	7.8	38.9	95.7	7	167	205213	0	0	0	0	0	0	0	0	0
139	9190211202	 Connecticut	 Western Connecticut Planning Region	Census Tract 2112.02	4285574	2066051	1	100	1	0	0	1	0	0	Middle third	44	2	8823.047	70	15.967	Upper third	95	4	7913.296	9	9.224	2628	18	3.77	67.31	0.84	0	10.08	89511	4.5	75.2	44.6	9	15	19131	0	0	0	3	220	270641	0	0	0
140	9190210202	 Connecticut	 Western Connecticut Planning Region	Census Tract 2102.02	1191359	0	2	100	1	100	0	1	0	100	Middle third	44	2	8823.047	70	15.967	Upper third	95	4	7913.296	9	9.224	3709	59.45	10.51	20.46	4.45	0	5.12	73864	14.8	15.5	93.1	9	431	529019	1	27	34069	5	491	603143	0	0	0
141	9190210201	 Connecticut	 Western Connecticut Planning Region	Census Tract 2102.01	1188242	0	2	100	1	100	0	1	0	99.96	Middle third	44	2	8823.047	70	15.967	Upper third	95	4	7913.296	9	9.224	3211	52.01	4.55	30.71	0.5	0.56	11.68	59464	9.5	21.2	90.3	6	140	171781	1	28	35209	2	166	203827	0	0	0
142	9190210102	 Connecticut	 Western Connecticut Planning Region	Census Tract 2101.02	612603	0	2	100	1	100	0	3	0	100	Middle third	44	2	8823.047	70	15.967	Upper third	95	4	7913.296	9	9.224	3683	46.65	15.31	24.52	7.01	0.24	6.27	22649	32.9	5.4	96.1	11	812	995996	0	0	0	1	208	256170	0	0	0
143	9190210401	 Connecticut	 Western Connecticut Planning Region	Census Tract 2104.01	1886188	0	2	100	1	100	0	1	0	0.02	Middle third	44	2	8823.047	70	15.967	Upper third	95	4	7913.296	9	9.224	4685	30.03	8.35	49.65	3.8	0	8.18	87785	7.1	60.9	70.8	78	692	849048	0	0	0	4	847	1039508	0	0	0
144	9190050302	 Connecticut	 Western Connecticut Planning Region	Census Tract 503.02	10316526	7329	1	100	1	0	0	1	0	0	Middle third	44	2	8823.047	70	15.967	Upper third	95	4	7913.296	9	9.224	4105	4.8	0.51	84.75	5.51	0	4.43	"250,000+"	6	97.8	9.4	9	959	1176804	0	0	0	9	1367	1677261	0	0	0
145	9190021401	 Connecticut	 Western Connecticut Planning Region	Census Tract 214.01	543685	0	2	100	1	100	0	1	0	100	Middle third	44	2	8823.047	70	15.967	Upper third	95	4	7913.296	9	9.224	4101	62.16	26.68	8.73	2.1	0	0.34	82708	12	24	96.8	0	0	0	0	0	0	1	40	49068	0	0	0
146	9190021402	 Connecticut	 Western Connecticut Planning Region	Census Tract 214.02	1120632	0	2	100	1	100	0	1	0	99.98	Middle third	44	2	8823.047	70	15.967	Upper third	95	4	7913.296	9	9.224	3908	36.05	41.27	18.91	3.76	0	0	55689	18.6	18.8	96.1	3	515	631669	0	0	0	4	939	1152705	0	0	0
147	9190021601	 Connecticut	 Western Connecticut Planning Region	Census Tract 216.01	459686	0	1	100	1	0	0	1	0	0	Middle third	44	2	8823.047	70	15.967	Upper third	95	4	7913.296	9	9.224	3554	13.39	26.17	42.85	13.53	0.28	3.77	93596	15.8	20.8	55	5	127	156513	1	109	133898	5	86	105494	0	0	0
148	9190020101	 Connecticut	 Western Connecticut Planning Region	Census Tract 201.01	309714	0	2	100	1	100	0	2	0	97.72	Middle third	44	2	8823.047	70	15.967	Upper third	95	4	7913.296	9	9.224	2470	12.67	18.34	50.12	17.89	0	0.97	76964	11.8	11.3	68.2	5	507	621858	0	0	0	6	1754	2152086	0	0	0
149	9190021702	 Connecticut	 Western Connecticut Planning Region	Census Tract 217.02	505499	0	2	100	1	100	0	2	0	0.47	Middle third	44	2	8823.047	70	15.967	Upper third	95	4	7913.296	9	9.224	4110	17.37	23.63	41.44	15.89	0	1.68	93676	23.6	18.3	55.8	1	37	45499	0	0	0	4	1206	1479811	0	0	0
150	9190021501	 Connecticut	 Western Connecticut Planning Region	Census Tract 215.01	397807	0	2	100	1	100	0	5	0	100	Middle third	44	2	8823.047	70	15.967	Upper third	95	4	7913.296	9	9.224	4772	53.39	34.18	7.23	3.83	0	1.36	48820	17.5	18.6	90.7	2	44	54292	0	0	0	1	78	96358	0	0	0
151	9190211201	 Connecticut	 Western Connecticut Planning Region	Census Tract 2112.01	2279434	76368	2	100	1	100	0	1	0	0	Middle third	44	2	8823.047	70	15.967	Upper third	95	4	7913.296	9	9.224	3589	36.47	10.53	44.39	7.86	0	0.75	80795	10.4	50.7	77.7	8	257	315184	0	0	0	2	558	684699	0	0	0
152	9190210101	 Connecticut	 Western Connecticut Planning Region	Census Tract 2101.01	695595	0	2	100	1	100	0	2	0	100	Middle third	44	2	8823.047	70	15.967	Upper third	95	4	7913.296	9	9.224	2594	32.42	23.59	36.16	5.2	0	2.62	85700	11.4	13.8	59.1	21	1389	1704659	2	1306	1601862	5	546	670141	0	0	0
153	9190020102	 Connecticut	 Western Connecticut Planning Region	Census Tract 201.02	638356	0	2	100	1	100	0	1	0	99.48	Middle third	44	2	8823.047	70	15.967	Upper third	95	4	7913.296	9	9.224	4124	20.83	33.15	34.04	8.71	0.48	2.79	55333	9.7	6.4	76.6	13	4742	5816680	1	174	214337	4	5243	6431192	0	0	0
154	9190210501	 Connecticut	 Western Connecticut Planning Region	Census Tract 2105.01	18673408	457312	2	100	1	100	0	1	0	0	Middle third	44	2	8823.047	70	15.967	Upper third	95	4	7913.296	9	9.224	2939	32.32	5.51	54.58	6.36	0	1.22	74435	10.3	67.8	44.6	73	926	1136652	1	14	18003	1	85	105445	0	0	0
155	9190210402	 Connecticut	 Western Connecticut Planning Region	Census Tract 2104.02	5611963	0	2	100	1	100	0	1	0	0	Middle third	44	2	8823.047	70	15.967	Upper third	95	4	7913.296	9	9.224	4445	30.08	15.59	34.76	12.42	0	7.15	98271	4.9	70.3	63.7	24	734	900717	1	20	24528	7	2107	2584098	0	0	0
156	9190050301	 Connecticut	 Western Connecticut Planning Region	Census Tract 503.01	7295115	13383	1	100	1	0	0	1	0	0	Middle third	44	2	8823.047	70	15.967	Upper third	95	4	7913.296	9	9.224	4234	7.68	0	80.87	8.1	0	3.35	201974	6.3	90.2	14	32	2759	3383797	0	0	0	5	3910	4795457	0	0	0
157	9110881500	 Connecticut	 Capitol Planning Region	Census Tract 8815	31779294	178962	0	0	1	0	0	1	0	0	Lower third	36	1	5097.789	71	16.383	Upper third	94	3	5605.424	11	10.25	6560	8.55	1.81	72.18	12.76	0.15	4.54	63932	14.6	58	72.6	29	395	485200	1	39	47952	5	671	823196	0	0	0
158	9110430604	 Connecticut	 Capitol Planning Region	Census Tract 4306.04	18600609	306195	0	0	1	0	0	1	0	0	Middle third	45	3	9661.516	63	15.317	Upper third	89	0	3823.465	11	10.327	3323	2.17	0.81	87.87	4.36	0	4.78	111830	7.4	91.7	25	22	464	569809	0	0	0	3	430	527523	0	0	0
159	9110430501	 Connecticut	 Capitol Planning Region	Census Tract 4305.01	1447346	0	1	0	1	100	0	1	0	0	Middle third	45	3	9661.516	63	15.317	Upper third	89	0	3823.465	11	10.327	1336	7.34	4.12	81.96	1.87	0	4.72	94900	1.2	80.6	16.7	3	0	0	0	0	0	1	292	358390	0	0	0
160	9110430502	 Connecticut	 Capitol Planning Region	Census Tract 4305.02	11073013	64832	0	0	1	0	0	1	0	0	Middle third	45	3	9661.516	63	15.317	Upper third	89	0	3823.465	11	10.327	5402	4.63	1.26	90.91	1.26	0	1.94	182369	0.9	99.6	2	21	92	113724	0	0	0	0	0	0	0	0	0
161	9110980002	 Connecticut	 Capitol Planning Region	Census Tract 9800.02	3833412	0	0	0	1	0	0	1	0	0	Middle third	45	3	9661.516	63	15.317	Upper third	89	0	3823.465	11	10.327	0											0	0	0	2	15	18604	0	0	0	0	0	0
162	9110417200	 Connecticut	 Capitol Planning Region	Census Tract 4172	616008	0	1	0	1	100	0	1	0	97.88	Middle third	45	3	9661.516	63	15.317	Upper third	89	0	3823.465	11	10.327	1602	19.6	13.23	51.06	9.49	0	6.62	57500	18.4	46.9	50	1	0	0	0	0	0	1	58	71572	0	0	0
163	9110417300	 Connecticut	 Capitol Planning Region	Census Tract 4173	576659	0	1	0	1	100	0	1	0	0.13	Middle third	45	3	9661.516	63	15.317	Upper third	89	0	3823.465	11	10.327	2029	16.12	11.24	62.1	7.64	0	2.91		0	0	51.1	0	0	0	0	0	0	0	0	0	1	431	528651
164	9110980003	 Connecticut	 Capitol Planning Region	Census Tract 9800.03	602790	0	0	0	1	0	0	1	0	0	Middle third	45	3	9661.516	63	15.317	Upper third	89	0	3823.465	11	10.327	0																						
165	9110980100	 Connecticut	 Capitol Planning Region	Census Tract 9801	4136404	1044531	0	0	1	0	0	1	0	99.89	Middle third	45	3	9661.516	63	15.317	Upper third	89	0	3823.465	11	10.327	938	35.61	35.18	29.21	0	0	0					8	439	539015	1	281	344839	2	268	328810	0	0	0
166	9110980001	 Connecticut	 Capitol Planning Region	Census Tract 9800.01	2363607	0	0	0	1	0	0	1	0	0	Middle third	45	3	9661.516	63	15.317	Upper third	89	0	3823.465	11	10.327	0											2	174	213871	0	0	0	0	0	0	0	0	0
167	9180702500	 Connecticut	 Southeastern Connecticut Planning Region	Census Tract 7025	2680171	552479	1	0	1	100	0	2	0	100	Lower third	25	0	1105.953	44	13.2	Middle third	83	0	2099.579	14	11.835	4229	20.74	13.79	50.18	1.82	0	13.48	44490	29.8	26.8	69.1	1	5	6708	1	56	69573	1	16	19695	0	0	0
168	9180702600	 Connecticut	 Southeastern Connecticut Planning Region	Census Tract 7026	2443713	8499408	0	0	1	0	0	1	0	0	Lower third	25	0	1105.953	44	13.2	Middle third	83	0	2099.579	14	11.835	1266	5.37	0	87.28	1.9	0	5.45	126641	1.3	88.4	3.3	2	104	127557	0	0	0	0	0	0	0	0	0
169	9180702700	 Connecticut	 Southeastern Connecticut Planning Region	Census Tract 7027	8333686	799911	1	0	1	100	0	2	0	0	Lower third	25	0	1105.953	44	13.2	Middle third	83	0	2099.579	14	11.835	5249	5.96	6.99	64.74	18.48	0.51	3.31	81029	11	33.5	76.6	34	1046	1283820	0	0	0	8	1728	2119942	0	0	0
170	9180980000	 Connecticut	 Southeastern Connecticut Planning Region	Census Tract 9800	2495100	740942	0	0	1	0	0	1	0	0.98	Lower third	25	0	1105.953	44	13.2	Middle third	83	0	2099.579	14	11.835	1307	21.04	14.69	55.7	4.36	0	4.21					3	23	29225	0	0	0	0	0	0	0	0	0
171	9180705300	 Connecticut	 Southeastern Connecticut Planning Region	Census Tract 7053	11356301	12437882	0	0	1	0	0	1	0	0	Lower third	25	0	1105.953	44	13.2	Middle third	83	0	2099.579	14	11.835	3617	1.24	1.85	75.81	3.18	1.52	16.39	125646	1.5	73.9	34.2	2	0	0	2	61	75619	3	147	180489	0	0	0
172	9180709200	 Connecticut	 Southeastern Connecticut Planning Region	Census Tract 7092	12864261	1205965	1	0	1	100	0	1	0	0	Lower third	25	0	1105.953	44	13.2	Middle third	83	0	2099.579	14	11.835	5276	3.17	0.08	87.17	0.23	0.34	9.02	58026	11	47.2	74.2	44	2329	2856285	3	100	123069	2	23	28746	0	0	0
173	9180712100	 Connecticut	 Southeastern Connecticut Planning Region	Census Tract 7121	51048739	222178	0	0	1	0	0	1	0	1.12	Lower third	25	0	1105.953	44	13.2	Middle third	83	0	2099.579	14	11.835	1892	5.55	3.28	81.13	0	0	10.04	95543	5.8	85.4	44.5	9	611	749968	0	0	0	2	366	449254	0	0	0
174	9120090300	 Connecticut	 Greater Bridgeport Planning Region	Census Tract 903	4764507	0	1	100	1	0	0	1	0	0	Middle third	44	2	8823.047	70	15.967	Upper third	95	4	7913.296	9	9.224	4669	8.78	1.97	80.4	6.02	0	2.83	151268	4.5	92.1	11	3	0	0	0	0	0	2	145	178159	0	0	0
175	9190010101	 Connecticut	 Western Connecticut Planning Region	Census Tract 101.01	32765658	217746	1	100	1	0	0	1	0	0	Middle third	44	2	8823.047	70	15.967	Upper third	95	4	7913.296	9	9.224	4305	5.18	3.97	87.13	2.72	0	1	"250,000+"	2.8	76	14.6	1	0	0	0	0	0	0	0	0	0	0	0
176	9190020600	 Connecticut	 Western Connecticut Planning Region	Census Tract 206	3409879	11069	1	100	1	0	0	1	0	0	Middle third	44	2	8823.047	70	15.967	Upper third	95	4	7913.296	9	9.224	4472	18.83	7.4	56.75	9.93	0	7.09	150114	2.9	93	12	0	0	0	0	0	0	6	152	186449	0	0	0
177	9190021300	 Connecticut	 Western Connecticut Planning Region	Census Tract 213	2287341	0	1	100	1	0	0	1	0	0	Middle third	44	2	8823.047	70	15.967	Upper third	95	4	7913.296	9	9.224	4561	32.51	22.28	34.88	8.46	0	1.86	109464	5.8	67	61.4	2	5	6708	0	0	0	6	879	1079060	1	7	9565
178	9190021100	 Connecticut	 Western Connecticut Planning Region	Census Tract 211	1858959	0	1	100	1	0	0	1	0	0	Middle third	44	2	8823.047	70	15.967	Upper third	95	4	7913.296	9	9.224	6601	51.14	8.15	33.09	4.35	0	3.27	94233	8.3	44.8	70	1	46	57505	0	0	0	4	169	207568	0	0	0
179	9190035300	 Connecticut	 Western Connecticut Planning Region	Census Tract 353	13444758	46232	1	100	1	0	0	1	0	0	Middle third	44	2	8823.047	70	15.967	Upper third	95	4	7913.296	9	9.224	4075	3.83	1.99	81.35	8.42	0	4.42	"250,000+"	1.9	93.9	11.1	12	1548	1899460	0	0	0	3	1706	2093035	0	0	0
180	9120073600	 Connecticut	 Greater Bridgeport Planning Region	Census Tract 736	269194	0	2	100	1	100	0	1	100	100	Middle third	44	2	8823.047	70	15.967	Upper third	95	4	7913.296	9	9.224	1885	64.83	19.05	9.23	6.31	0	0.58	45542	34	33.5	94.8	6	116	142961	1	80	99056	1	444	545625	0	0	0
181	9190050100	 Connecticut	 Western Connecticut Planning Region	Census Tract 501	8701513	113408	1	100	1	0	0	1	0	0	Middle third	44	2	8823.047	70	15.967	Upper third	95	4	7913.296	9	9.224	4325	6.71	0	83.91	3.7	0.16	5.53	"250,000+"	2.7	92.4	2.6	2	0	0	0	0	0	4	246	302184	0	0	0
182	9120060500	 Connecticut	 Greater Bridgeport Planning Region	Census Tract 605	5608990	17867	1	100	1	0	0	1	0	0	Middle third	44	2	8823.047	70	15.967	Upper third	95	4	7913.296	9	9.224	3095	2.26	0.81	87.17	8.24	0	1.52	"250,000+"	0.8	98.9	2.1	9	15	19303	0	0	0	1	364	446483	0	0	0
183	9120100300	 Connecticut	 Greater Bridgeport Planning Region	Census Tract 1003	29186165	417988	1	100	1	0	0	1	0	0	Middle third	44	2	8823.047	70	15.967	Upper third	95	4	7913.296	9	9.224	6745	5.62	0.42	87.13	4.34	0	2.49	151901	1.4	86.6	6.4	55	895	1098621	1	49	60154	5	2689	3298648	0	0	0
184	9190045300	 Connecticut	 Western Connecticut Planning Region	Census Tract 453	7004133	33258	1	100	1	0	0	1	0	0	Middle third	44	2	8823.047	70	15.967	Upper third	95	4	7913.296	9	9.224	2421	6.4	1.24	78.93	5.91	0	7.52	"250,000+"	0.8	99.1	7.8	5	706	867003	0	0	0	2	792	972302	0	0	0
185	9120061000	 Connecticut	 Greater Bridgeport Planning Region	Census Tract 610	3329661	0	1	100	1	0	0	2	0	0	Middle third	44	2	8823.047	70	15.967	Upper third	95	4	7913.296	9	9.224	3904	4.74	0.95	85.63	6.17	0	2.51	103854	7.7	66.6	47.6	11	494	606773	1	39	48724	9	4293	5265106	0	0	0
186	9120080800	 Connecticut	 Greater Bridgeport Planning Region	Census Tract 808	3268077	629719	1	100	1	0	0	1	0	0	Middle third	44	2	8823.047	70	15.967	Upper third	95	4	7913.296	9	9.224	5582	8.72	4.78	83.46	1.47	0	1.56	110968	3.6	95.7	29.7	23	698	856149	2	120	147695	1	169	208254	0	0	0
187	9110490304	 Connecticut	 Capitol Planning Region	Census Tract 4903.04	7896211	0	0	0	1	0	0	1	0	0	Middle third	45	3	9661.516	63	15.317	Upper third	89	0	3823.465	11	10.327	4212	2.4	1.21	80.58	14.98	0	0.83	107184	1.9	92.7	11.3	10	45	56254	0	0	0	3	596	732148	0	0	0
188	9110490303	 Connecticut	 Capitol Planning Region	Census Tract 4903.03	4233390	0	0	0	1	0	0	1	0	0	Middle third	45	3	9661.516	63	15.317	Upper third	89	0	3823.465	11	10.327	3943	5.88	9.43	40.91	42.2	0	1.57	110036	4.5	37.1	22.4	0	0	0	0	0	0	3	160	196518	0	0	0
189	9110400102	 Connecticut	 Capitol Planning Region	Census Tract 4001.02	8210788	229073	0	0	4	0	0	1	0	0	Middle third	45	3	9661.516	63	15.317	Upper third	89	0	3823.465	11	10.327	4266	6.8	1.24	84.76	7.2	0	0	91250	8.9	81.9	12.9	28	1322	1621497	2	161	197842	7	2716	3331343	0	0	0
190	9110400101	 Connecticut	 Capitol Planning Region	Census Tract 4001.01	11374703	168925	1	0	1	100	0	1	0	0	Middle third	45	3	9661.516	63	15.317	Upper third	89	0	3823.465	11	10.327	2945	2.07	1.63	86.59	6.28	0	3.43	85275	2.2	64.3	42.6	25	1294	1587795	0	0	0	3	163	200087	0	0	0
191	9110420602	 Connecticut	 Capitol Planning Region	Census Tract 4206.02	3955379	138026	1	0	1	90	0	1	0	0	Middle third	45	3	9661.516	63	15.317	Upper third	89	0	3823.465	11	10.327	3502	10.11	4.14	75.87	6.94	0.54	2.4	94645	5.5	67.1	40	17	456	559802	0	0	0	3	273	335469	0	0	0
192	9110420601	 Connecticut	 Capitol Planning Region	Census Tract 4206.01	1548470	4297	1	0	1	100	0	1	0	0	Middle third	45	3	9661.516	63	15.317	Upper third	89	0	3823.465	11	10.327	2251	15.77	0	80.14	0	0.93	3.15	61542	20	60.9	62.3	10	1349	1655406	2	79	97744	3	1262	1548452	0	0	0
193	9110514104	 Connecticut	 Capitol Planning Region	Census Tract 5141.04	4188625	37464	0	0	1	0	0	1	0	0	Middle third	45	3	9661.516	63	15.317	Upper third	89	0	3823.465	11	10.327	3310	12.78	20.09	42.48	23.81	0.21	0.63	87407	6	41.9	45.6	13	38	47044	0	0	0	1	0	0	0	0	0
194	9140405801	 Connecticut	 Naugatuck Valley Planning Region	Census Tract 4058.01	3024884	0	0	0	2	0	0	1	0	0	Middle third	45	3	9661.516	63	15.317	Upper third	89	0	3823.465	11	10.327	2974	24.61	0	60.46	3.6	0	11.33	98120	16	75.2	35.3	1	6	8008	0	0	0	1	137	169157	0	0	0
195	9110430603	 Connecticut	 Capitol Planning Region	Census Tract 4306.03	3316362	0	0	0	1	0	0	3	0	0	Middle third	45	3	9661.516	63	15.317	Upper third	89	0	3823.465	11	10.327	2240	7.01	1.83	76.03	10.76	0	4.38	57109	9.6	60.5	55.1	18	327	401167	2	309	379852	3	1612	1977717	0	0	0
196	9110477104	 Connecticut	 Capitol Planning Region	Census Tract 4771.04	16158686	699458	0	0	1	0	0	1	0	0	Middle third	45	3	9661.516	63	15.317	Upper third	89	0	3823.465	11	10.327	4393	15.16	17.57	61.94	4.19	0	1.14	108917	2.1	80.4	36.1	22	296	364007	0	0	0	3	2008	2463665	0	0	0
197	9140405802	 Connecticut	 Naugatuck Valley Planning Region	Census Tract 4058.02	12469526	441349	0	0	1	0	0	1	0	0	Middle third	45	3	9661.516	63	15.317	Upper third	89	0	3823.465	11	10.327	4514	6.78	11.61	68.34	2.46	0	10.81	127125	2.6	86.5	17.4	14	79	97817	0	0	0	1	605	742720	0	0	0
198	9110477103	 Connecticut	 Capitol Planning Region	Census Tract 4771.03	11496413	873825	0	0	1	0	0	1	0	0	Middle third	45	3	9661.516	63	15.317	Upper third	89	0	3823.465	11	10.327	3791	5.43	6.73	84.46	1.11	0	2.27	120679	5.9	88	17.7	32	445	545833	0	0	0	1	309	379288	1	213	261995
199	9110502700	 Connecticut	 Capitol Planning Region	Census Tract 5027	1011637	0	1	0	4	100	0	1	10	100	Middle third	45	3	9661.516	63	15.317	Upper third	89	0	3823.465	11	10.327	5074	42.04	13.99	33.84	5.52	0.06	4.55	30423	30.2	8.8	97.2	4	586	718977	0	0	0	5	1447	1775545	1	215	263761
